,room_id,host_id,room_type,borough,neighborhood,reviews,overall_satisfaction,accommodates,bedrooms,bathrooms,price,minstay,latitude,longitude,collected
0,42498,185586,Private room,,Brno,1,,2,1.0,2.0,47.0,2.0,49.211613,16.584011,2016-10-31 01:44:18.125308
1,196961,959732,Entire home/apt,,Brno,35,5.0,2,1.0,1.0,39.0,1.0,49.210096,16.596706,2016-10-31 01:35:46.264607
2,606685,2972917,Private room,,Brno,1,,2,1.0,1.0,25.0,2.0,49.207059,16.640822,2016-10-31 01:41:28.312286
3,614785,2826581,Entire home/apt,,Brno,46,5.0,3,0.0,1.0,48.0,2.0,49.195031,16.612109,2016-10-31 01:42:58.487092
4,652231,3277922,Entire home/apt,,Brno,35,4.0,3,0.0,1.0,38.0,1.0,49.193613,16.615841,2016-10-31 01:41:20.619040
5,699815,2802348,Entire home/apt,,Brno,106,4.5,10,3.0,1.0,38.0,1.0,49.195372,16.62376,2016-10-31 01:26:57.290762
6,704190,3616342,Private room,,Brno,3,4.5,1,1.0,1.0,27.0,1.0,49.206861,16.613813,2016-10-31 01:19:00.902936
7,720933,3722091,Private room,,Brno,3,3.5,2,1.0,1.0,28.0,1.0,49.205366,16.627774,2016-10-31 01:36:05.797469
8,743812,3897520,Entire home/apt,,Brno,9,4.5,2,1.0,1.0,42.0,1.0,49.211445,16.603738,2016-10-31 01:33:43.182632
9,768296,4053078,Private room,,Brno,27,5.0,2,1.0,1.0,21.0,1.0,49.180903,16.560597,2016-10-31 01:22:30.942963
10,829710,3946283,Private room,,Brno,13,5.0,2,1.0,,46.0,1.0,49.192789,16.609863,2016-10-31 01:38:31.882053
11,860023,4504049,Private room,,Brno,8,4.5,4,1.0,,58.0,1.0,49.196225,16.608077,2016-10-31 01:31:45.251210
12,1061239,5843024,Entire home/apt,,Brno,21,5.0,2,1.0,1.0,66.0,1.0,49.188816,16.606871,2016-10-31 01:33:53.684445
13,1075372,5916522,Private room,,Brno,4,4.5,2,1.0,1.0,29.0,3.0,49.190406,16.618206,2016-10-31 01:30:13.326403
14,1102346,6054918,Entire home/apt,,Brno,1,,2,1.0,1.0,44.0,1.0,49.171494,16.684185,2016-10-31 01:23:49.621324
15,1161461,4351643,Private room,,Brno,1,,2,1.0,1.0,25.0,1.0,49.19511,16.591551,2016-10-31 01:43:49.612863
16,1183861,6476206,Private room,,Brno,21,5.0,2,1.0,1.0,27.0,1.0,49.172992,16.685079,2016-10-31 01:32:39.284639
17,1293748,7034433,Entire home/apt,,Brno,32,4.0,2,0.0,1.0,33.0,1.0,49.189729,16.595235,2016-10-31 01:32:11.160683
18,1310349,7122680,Entire home/apt,,Brno,9,4.5,3,1.0,1.0,50.0,1.0,49.189204,16.59516,2016-10-31 01:41:53.414036
19,1314685,7143199,Entire home/apt,,Brno,50,4.5,2,1.0,1.0,59.0,1.0,49.207374,16.604381,2016-10-31 01:20:02.779176
20,1353870,4504049,Shared room,,Brno,8,5.0,6,1.0,,19.0,1.0,49.197913,16.607754,2016-10-31 01:28:54.784516
21,1513565,8082029,Private room,,Brno,3,4.5,2,1.0,1.0,48.0,1.0,49.195073,16.609495,2016-10-31 01:18:17.423440
22,1520007,3088243,Private room,,Brno,4,4.5,4,1.0,1.0,55.0,2.0,49.200728,16.532064,2016-10-31 01:42:15.302201
23,1617126,6476206,Private room,,Brno,8,4.5,2,1.0,1.0,27.0,1.0,49.170868,16.683834,2016-10-31 01:44:32.755103
24,1617213,6476206,Entire home/apt,,Brno,44,5.0,6,2.0,1.0,67.0,1.0,49.172813,16.685094,2016-10-31 01:19:07.641084
25,1702976,4504049,Shared room,,Brno,29,5.0,11,1.0,,16.0,1.0,49.196291,16.60958,2016-10-31 01:42:24.143603
26,1712691,2802348,Entire home/apt,,Brno,33,4.5,6,1.0,1.0,28.0,1.0,49.201053,16.623105,2016-10-31 01:41:31.520060
27,1741301,3616342,Private room,,Brno,0,,2,1.0,1.0,40.0,1.0,49.207151,16.613542,2016-10-31 01:42:17.405658
28,1741827,3616342,Private room,,Brno,3,4.5,2,1.0,1.0,36.0,1.0,49.207158,16.612999,2016-10-31 01:43:40.498600
29,1741968,3616342,Private room,,Brno,8,4.5,3,1.0,1.0,40.0,1.0,49.208832,16.613885,2016-10-31 01:31:06.339461
30,1742056,3616342,Private room,,Brno,5,4.5,1,1.0,1.0,27.0,1.0,49.208636,16.613399,2016-10-31 01:39:39.645794
31,1775345,4504049,Entire home/apt,,Brno,3,4.5,4,2.0,1.0,134.0,1.0,49.197848,16.609257,2016-10-31 01:44:47.706335
32,1955700,3671364,Private room,,Brno,13,4.5,3,1.0,1.0,29.0,1.0,49.191719,16.611042,2016-10-31 01:31:50.735339
33,2054226,10522599,Entire home/apt,,Brno,13,5.0,4,1.0,1.0,63.0,1.0,49.186459,16.586387,2016-10-31 01:42:10.043222
34,2154008,10948272,Private room,,Brno,0,,2,1.0,1.0,10267.0,1.0,49.188569,16.643683,2016-10-31 01:38:24.292847
35,2190553,8082029,Private room,,Brno,0,,2,1.0,1.0,56.0,1.0,49.194943,16.608389,2016-10-31 01:21:20.872228
36,2205473,4176200,Private room,,Brno,1,,2,1.0,1.0,33.0,1.0,49.207177,16.476485,2016-10-31 01:41:42.400366
37,2261739,11549602,Private room,,Brno,48,4.5,5,1.0,1.0,30.0,1.0,49.198955,16.602189,2016-10-31 01:25:12.078570
38,2341855,4504049,Entire home/apt,,Brno,1,,2,1.0,1.0,91.0,1.0,49.196265,16.60765,2016-10-31 01:38:21.195334
39,2404001,12286471,Entire home/apt,,Brno,75,5.0,4,1.0,1.0,46.0,2.0,49.194701,16.617575,2016-10-31 01:25:01.723290
40,2447323,11549602,Private room,,Brno,159,5.0,3,1.0,1.0,19.0,1.0,49.198712,16.601974,2016-10-31 01:29:37.135626
41,2478555,2821011,Shared room,,Brno,16,5.0,2,1.0,1.0,14.0,1.0,49.190358,16.616847,2016-10-31 01:24:19.214954
42,2506132,11233422,Entire home/apt,,Brno,147,5.0,2,1.0,1.0,38.0,1.0,49.191559,16.628719,2016-10-31 01:27:05.110702
43,2574195,7122680,Entire home/apt,,Brno,6,4.5,3,1.0,1.0,50.0,1.0,49.186901,16.594581,2016-10-31 01:25:59.011580
44,2798772,14315358,Private room,,Brno,1,,2,1.0,1.0,54.0,1.0,49.200716,16.617123,2016-10-31 01:32:29.050493
45,2802441,11549602,Private room,,Brno,17,4.5,5,1.0,1.0,30.0,1.0,49.198899,16.602081,2016-10-31 01:36:27.736773
46,2833798,14496677,Entire home/apt,,Brno,19,4.5,5,2.0,1.0,41.0,1.0,49.197372,16.593016,2016-10-31 01:22:41.975017
47,2859172,14315358,Private room,,Brno,0,,2,1.0,1.0,81.0,1.0,49.204965,16.61273,2016-10-31 01:21:09.976312
48,2899786,4504049,Entire home/apt,,Brno,4,4.5,4,1.0,,95.0,1.0,49.198008,16.609132,2016-10-31 01:35:29.065000
49,2902739,4504049,Private room,,Brno,3,4.0,2,1.0,1.0,53.0,1.0,49.19609,16.607731,2016-10-31 01:45:12.610586
50,2902973,4504049,Private room,,Brno,1,,2,1.0,1.0,43.0,1.0,49.196495,16.60981,2016-10-31 01:33:33.391176
51,2903473,4504049,Entire home/apt,,Brno,9,4.5,6,2.0,1.0,96.0,1.0,49.196651,16.608403,2016-10-31 01:25:08.116737
52,2950870,14408886,Private room,,Brno,23,5.0,1,1.0,1.0,21.0,1.0,49.175766,16.624406,2016-10-31 01:21:44.754932
53,2955155,14264689,Entire home/apt,,Brno,3,4.5,2,0.0,1.0,42.0,1.0,49.223669,16.513983,2016-10-31 01:29:29.178825
54,3160656,149663,Entire home/apt,,Brno,4,4.5,4,1.0,1.0,61.0,1.0,49.190567,16.60508,2016-10-31 01:17:21.800845
55,3265639,16514467,Entire home/apt,,Brno,5,5.0,4,1.0,1.0,48.0,1.0,49.189206,16.597846,2016-10-31 01:31:08.606440
56,3289667,16459629,Entire home/apt,,Brno,48,4.5,2,2.0,1.0,47.0,1.0,49.181458,16.597956,2016-10-31 01:24:44.888359
57,3366152,3566484,Entire home/apt,,Brno,7,4.5,4,2.0,,79.0,1.0,49.190883,16.60615,2016-10-31 01:17:29.761441
58,3378085,17042470,Private room,,Brno,0,,4,1.0,1.0,92.0,1.0,49.205749,16.594166,2016-10-31 01:31:26.981429
59,3378254,17042470,Private room,,Brno,0,,4,1.0,1.0,88.0,1.0,49.204907,16.593423,2016-10-31 01:45:04.541992
60,3378426,17042470,Private room,,Brno,1,,2,1.0,1.0,50.0,1.0,49.205936,16.594177,2016-10-31 01:38:12.333610
61,3418421,3885548,Entire home/apt,,Brno,7,4.5,7,3.0,1.0,44.0,2.0,49.197572,16.608237,2016-10-31 01:26:12.185776
62,3470965,11196915,Entire home/apt,,Brno,56,5.0,3,1.0,1.0,56.0,1.0,49.196616,16.608635,2016-10-31 01:42:31.579404
63,3518506,4662188,Entire home/apt,,Brno,9,5.0,4,1.0,2.0,64.0,3.0,49.195816,16.602775,2016-10-31 01:44:27.926666
64,3601612,18146293,Private room,,Brno,13,5.0,2,1.0,1.0,42.0,1.0,49.200351,16.592701,2016-10-31 01:30:28.681483
65,3621376,18244061,Entire home/apt,,Brno,9,5.0,3,1.0,1.0,90.0,1.0,49.22812,16.594057,2016-10-31 01:36:09.855695
66,3636333,13337018,Private room,,Brno,28,5.0,2,1.0,1.0,41.0,7.0,49.194157,16.611247,2016-10-31 01:26:30.872880
67,3639446,18366595,Entire home/apt,,Brno,19,4.0,4,2.0,,59.0,1.0,49.200587,16.600164,2016-10-31 01:34:27.151311
68,3647961,17063552,Private room,,Brno,161,4.5,2,1.0,1.0,25.0,1.0,49.193511,16.609607,2016-10-31 01:38:06.801493
69,3708614,14851142,Private room,,Brno,1,,4,1.0,1.0,15.0,1.0,49.211789,16.581779,2016-10-31 01:22:01.845823
70,3745514,4747639,Entire home/apt,,Brno,83,5.0,2,1.0,1.0,40.0,2.0,49.209744,16.591788,2016-10-31 01:34:00.123868
71,3809169,7688351,Entire home/apt,,Brno,56,5.0,2,0.0,1.0,57.0,2.0,49.207249,16.609691,2016-10-31 01:34:06.322621
72,3844805,3708921,Entire home/apt,,Brno,42,4.5,2,1.0,,21.0,1.0,49.192376,16.611675,2016-10-31 01:17:49.302206
73,4065165,20445409,Private room,,Brno,31,4.0,2,1.0,1.0,21.0,1.0,49.20113,16.598399,2016-10-31 01:32:18.581906
74,4240524,2802348,Entire home/apt,,Brno,83,4.5,4,0.0,1.0,29.0,1.0,49.200985,16.617627,2016-10-31 01:36:35.748145
75,4313555,19092484,Private room,,Brno,5,4.5,2,1.0,1.0,13.0,1.0,49.166638,16.581657,2016-10-31 01:25:49.418420
76,4385469,22767859,Entire home/apt,,Brno,0,,2,1.0,1.0,39.0,1.0,49.186048,16.591432,2016-10-31 01:27:47.935496
77,4505416,23365111,Entire home/apt,,Brno,14,5.0,2,0.0,1.0,81.0,1.0,49.245647,16.581422,2016-10-31 01:43:09.368818
78,4582117,23748298,Private room,,Brno,2,,2,1.0,1.0,19.0,1.0,49.166596,16.552253,2016-10-31 01:33:26.998612
79,4643665,24041501,Entire home/apt,,Brno,2,,3,1.0,1.0,75.0,1.0,49.189903,16.600462,2016-10-31 01:26:28.563175
80,4963456,23493460,Entire home/apt,,Brno,24,4.5,3,2.0,,103.0,1.0,49.182139,16.59261,2016-10-31 01:36:58.439783
81,4990174,25707313,Private room,,Brno,16,5.0,2,1.0,1.0,18.0,1.0,49.18328,16.600581,2016-10-31 01:21:01.225492
82,5327234,4987062,Private room,,Brno,22,5.0,2,1.0,1.0,27.0,1.0,49.199584,16.616505,2016-10-31 01:27:24.371488
83,5356823,27769049,Entire home/apt,,Brno,1,,4,0.0,1.0,73.0,1.0,49.189141,16.60642,2016-10-31 01:43:47.090057
84,5383402,13159004,Entire home/apt,,Brno,60,5.0,2,0.0,1.0,31.0,2.0,49.191538,16.603818,2016-10-31 01:30:17.041139
85,5391286,14851142,Private room,,Brno,6,4.5,1,1.0,1.0,16.0,1.0,49.182611,16.561652,2016-10-31 01:34:19.570583
86,5476429,24246056,Private room,,Brno,127,4.5,4,1.0,,24.0,1.0,49.196285,16.606632,2016-10-31 01:41:04.455837
87,5559958,28515058,Private room,,Brno,9,5.0,2,1.0,1.0,23.0,1.0,49.188743,16.597877,2016-10-31 01:31:10.761003
88,5575911,10522599,Entire home/apt,,Brno,37,4.5,3,1.0,1.0,50.0,1.0,49.180716,16.593999,2016-10-31 01:18:06.897438
89,5612631,29094382,Entire home/apt,,Brno,28,4.5,5,2.0,1.0,39.0,1.0,49.201844,16.622038,2016-10-31 01:41:10.557357
90,5758535,29872374,Entire home/apt,,Brno,23,4.5,4,2.0,,62.0,1.0,49.199939,16.614594,2016-10-31 01:34:38.384783
91,5788394,29371815,Entire home/apt,,Brno,14,5.0,6,2.0,1.0,57.0,1.0,49.197539,16.598793,2016-10-31 01:33:57.145395
92,5928285,11815074,Private room,,Brno,0,,2,1.0,1.0,25.0,1.0,49.17246,16.684445,2016-10-31 01:18:34.617997
93,5930121,30789537,Entire home/apt,,Brno,21,4.5,3,1.0,1.0,58.0,1.0,49.198226,16.591645,2016-10-31 01:42:12.862912
94,5936415,23770807,Private room,,Brno,5,4.5,5,1.0,1.0,35.0,1.0,49.207794,16.605466,2016-10-31 01:18:41.236782
95,5938236,23770807,Shared room,,Brno,12,4.5,3,1.0,1.0,18.0,1.0,49.207834,16.605419,2016-10-31 01:31:02.029601
96,5958891,10753208,Private room,,Brno,6,4.5,4,1.0,1.0,34.0,1.0,49.209412,16.611421,2016-10-31 01:34:53.975898
97,5959079,10753208,Private room,,Brno,2,,2,1.0,1.0,34.0,1.0,49.209558,16.609849,2016-10-31 01:38:27.532852
98,5999251,11815074,Entire home/apt,,Brno,24,5.0,5,3.0,1.0,59.0,1.0,49.173223,16.683325,2016-10-31 01:24:58.738563
99,6048913,31390388,Private room,,Brno,0,,2,1.0,2.0,38.0,1.0,49.194245,16.613227,2016-10-31 01:40:40.073337
100,6077038,31543789,Private room,,Brno,12,4.5,3,1.0,1.0,19.0,1.0,49.208111,16.598415,2016-10-31 01:17:25.228876
101,6089279,31601382,Entire home/apt,,Brno,12,5.0,6,1.0,1.0,39.0,1.0,49.199563,16.626182,2016-10-31 01:25:15.791945
102,6103346,31668386,Entire home/apt,,Brno,10,5.0,3,2.0,1.0,43.0,3.0,49.20308,16.593631,2016-10-31 01:25:29.235219
103,6177191,32043907,Entire home/apt,,Brno,89,5.0,4,1.0,1.0,36.0,,49.199337,16.609641,2016-10-31 01:31:53.982211
104,6190266,32106202,Entire home/apt,,Brno,0,,2,1.0,1.0,39.0,3.0,49.201756,16.603877,2016-10-31 01:31:23.334733
105,6207438,3566484,Entire home/apt,,Brno,14,4.5,3,1.0,1.0,50.0,1.0,49.195752,16.606511,2016-10-31 01:30:43.111077
106,6267155,3566484,Entire home/apt,,Brno,2,,4,1.0,1.0,74.0,1.0,49.191476,16.607142,2016-10-31 01:33:04.852888
107,6358948,29371815,Entire home/apt,,Brno,10,5.0,8,4.0,1.0,68.0,1.0,49.198062,16.599019,2016-10-31 01:37:37.580981
108,6360398,14851142,Private room,,Brno,0,,3,1.0,1.0,16.0,1.0,49.180635,16.563709,2016-10-31 01:40:48.982280
109,6485333,33891785,Private room,,Brno,0,,2,1.0,1.0,31.0,1.0,49.184121,16.5628,2016-10-31 01:40:27.499124
110,6524980,33891785,Private room,,Brno,1,,4,1.0,1.0,78.0,1.0,49.182607,16.563032,2016-10-31 01:38:29.312253
111,6547071,34115236,Entire home/apt,,Brno,3,3.5,4,2.0,,79.0,1.0,49.205353,16.625766,2016-10-31 01:31:47.666606
112,6549416,31846956,Private room,,Brno,92,5.0,2,1.0,1.0,23.0,1.0,49.19731,16.611466,2016-10-31 01:37:48.863600
113,6585901,34449659,Private room,,Brno,0,,2,1.0,1.0,28.0,1.0,49.174982,16.624122,2016-10-31 01:23:03.230259
114,6606878,34568252,Entire home/apt,,Brno,20,5.0,2,1.0,1.0,36.0,1.0,49.202375,16.600848,2016-10-31 01:26:25.841322
115,6702073,3566484,Entire home/apt,,Brno,3,4.5,6,2.0,1.0,79.0,1.0,49.192447,16.607556,2016-10-31 01:29:18.702363
116,6736745,29094382,Entire home/apt,,Brno,19,4.5,6,2.0,1.0,42.0,1.0,49.193457,16.618956,2016-10-31 01:42:50.086674
117,6856095,18395020,Entire home/apt,,Brno,21,4.5,6,3.0,,89.0,1.0,49.194241,16.607979,2016-10-31 01:40:45.960174
118,6875048,27171927,Entire home/apt,,Brno,2,,2,1.0,1.0,39.0,1.0,49.200924,16.598209,2016-10-31 01:30:39.562261
119,6944238,36408807,Entire home/apt,,Brno,17,4.5,2,1.0,1.0,55.0,2.0,49.207822,16.609837,2016-10-31 01:27:36.317291
120,6950244,36408807,Entire home/apt,,Brno,7,4.5,2,1.0,,63.0,2.0,49.209007,16.610497,2016-10-31 01:34:50.861825
121,6951867,31151761,Entire home/apt,,Brno,6,5.0,2,1.0,1.0,71.0,1.0,49.18758,16.605766,2016-10-31 01:44:20.762146
122,7062824,37031258,Private room,,Brno,0,,2,1.0,1.0,34.0,1.0,49.210679,16.710901,2016-10-31 01:29:11.359456
123,7134867,37372408,Entire home/apt,,Brno,51,5.0,2,0.0,1.0,34.0,2.0,49.188705,16.602461,2016-10-31 01:43:20.146329
124,7153175,27769049,Entire home/apt,,Brno,1,,7,2.0,,170.0,1.0,49.189101,16.604669,2016-10-31 01:37:29.158661
125,7232212,18395020,Entire home/apt,,Brno,17,4.5,4,2.0,1.0,59.0,1.0,49.19475,16.60659,2016-10-31 01:30:55.283957
126,7316636,11549602,Private room,,Brno,40,4.5,3,1.0,1.0,16.0,1.0,49.199261,16.602055,2016-10-31 01:21:51.446743
127,7325398,4747639,Entire home/apt,,Brno,41,5.0,2,1.0,1.0,50.0,2.0,49.206618,16.602632,2016-10-31 01:41:46.305997
128,7327087,14851142,Private room,,Brno,2,,3,1.0,1.0,16.0,1.0,49.180814,16.561836,2016-10-31 01:19:54.238650
129,7354920,37372408,Entire home/apt,,Brno,1,,6,2.0,1.0,113.0,1.0,49.205647,16.498641,2016-10-31 01:37:26.383738
130,7379054,38655874,Private room,,Brno,0,,3,1.0,1.0,59.0,1.0,49.203403,16.596354,2016-10-31 01:21:32.368839
131,7424211,38890708,Entire home/apt,,Brno,1,,4,2.0,1.0,300.0,1.0,49.203859,16.605896,2016-10-31 01:20:28.395136
132,7464066,24895438,Entire home/apt,,Brno,0,,2,1.0,1.0,73.0,1.0,49.232851,16.571704,2016-10-31 01:45:29.625711
133,7465440,14851142,Private room,,Brno,5,4.5,1,1.0,1.0,16.0,1.0,49.181109,16.563489,2016-10-31 01:24:26.775991
134,7491026,38890708,Private room,,Brno,0,,2,1.0,1.0,127.0,1.0,49.202404,16.605873,2016-10-31 01:39:28.256698
135,7523069,39040456,Entire home/apt,,Brno,9,4.0,3,2.0,,66.0,2.0,49.201358,16.600805,2016-10-31 01:32:46.972924
136,7591613,23770807,Private room,,Brno,0,,2,1.0,1.0,147.0,1.0,49.207671,16.60548,2016-10-31 01:28:52.767461
137,7592436,23770807,Entire home/apt,,Brno,1,,4,0.0,1.0,55.0,1.0,49.210139,16.604411,2016-10-31 01:43:05.630114
138,7625526,31873258,Entire home/apt,,Brno,2,,5,2.0,1.0,67.0,1.0,49.188912,16.587573,2016-10-31 01:22:19.555294
139,7640217,40088289,Entire home/apt,,Brno,15,5.0,2,0.0,,108.0,,49.202455,16.606895,2016-10-31 01:18:30.708136
140,7657128,40189045,Entire home/apt,,Brno,9,5.0,3,1.0,1.0,41.0,2.0,49.202427,16.606194,2016-10-31 01:37:15.474491
141,7685523,40088289,Entire home/apt,,Brno,27,5.0,2,0.0,1.0,54.0,,49.202855,16.607213,2016-10-31 01:43:12.411855
142,7708681,40495097,Entire home/apt,,Brno,0,,2,2.0,1.0,169.0,2.0,49.213968,16.567185,2016-10-31 01:29:06.037037
143,7713349,40521246,Entire home/apt,,Brno,32,4.5,4,1.0,1.0,45.0,2.0,49.21424,16.624621,2016-10-31 01:43:58.616536
144,7719662,31873258,Private room,,Brno,0,,2,1.0,1.0,19.0,1.0,49.18867,16.586353,2016-10-31 01:41:34.194182
145,7725918,31873258,Private room,,Brno,1,,3,1.0,2.0,19.0,1.0,49.188026,16.588241,2016-10-31 01:33:39.610011
146,7729213,40614947,Entire home/apt,,Brno,2,,3,1.0,1.0,59.0,2.0,49.203777,16.483864,2016-10-31 01:26:42.524284
147,7751869,30033178,Private room,,Brno,1,,3,1.0,1.0,21.0,1.0,49.217732,16.497125,2016-10-31 01:17:51.433580
148,7752736,2922476,Entire home/apt,,Brno,18,4.5,2,0.0,1.0,53.0,1.0,49.193546,16.603232,2016-10-31 01:24:11.613874
149,7777714,40920217,Entire home/apt,,Brno,10,4.5,4,2.0,1.0,46.0,2.0,49.197271,16.64634,2016-10-31 01:18:20.895255
150,7813806,2922476,Private room,,Brno,3,3.5,2,1.0,2.0,29.0,1.0,49.164517,16.562629,2016-10-31 01:22:22.492823
151,7833018,2922476,Private room,,Brno,1,,2,1.0,1.0,29.0,1.0,49.164684,16.561034,2016-10-31 01:18:28.630767
152,7833716,2922476,Private room,,Brno,0,,2,1.0,1.0,29.0,1.0,49.163799,16.562747,2016-10-31 01:20:50.798005
153,7847473,41352073,Entire home/apt,,Brno,0,,5,1.0,1.0,75.0,1.0,49.192533,16.604557,2016-10-31 01:28:00.607095
154,7862793,31846956,Private room,,Brno,45,4.5,3,1.0,1.0,23.0,1.0,49.19583,16.612881,2016-10-31 01:44:56.137882
155,7924334,31846956,Entire home/apt,,Brno,15,5.0,10,3.0,1.0,57.0,1.0,49.198039,16.611364,2016-10-31 01:37:21.798103
156,7959105,41976356,Private room,,Brno,12,4.5,2,1.0,1.0,25.0,1.0,49.167964,16.583999,2016-10-31 01:35:34.040089
157,8082430,42691604,Entire home/apt,,Brno,2,,5,0.0,1.0,33.0,2.0,49.207458,16.47995,2016-10-31 01:43:51.632662
158,8113078,42840613,Entire home/apt,,Brno,1,,5,2.0,1.0,53.0,1.0,49.212505,16.621727,2016-10-31 01:29:14.257886
159,8148955,42982436,Entire home/apt,,Brno,19,5.0,4,2.0,1.0,55.0,2.0,49.232668,16.602267,2016-10-31 01:19:03.901296
160,8197307,41012779,Entire home/apt,,Brno,51,5.0,2,1.0,1.0,46.0,2.0,49.182962,16.595947,2016-10-31 01:43:29.669819
161,8198083,3566484,Entire home/apt,,Brno,4,5.0,4,1.0,1.0,68.0,1.0,49.192352,16.605861,2016-10-31 01:18:44.258102
162,8297053,7034433,Entire home/apt,,Brno,30,4.5,2,0.0,1.0,39.0,1.0,49.188635,16.593786,2016-10-31 01:20:42.964605
163,8319645,38655874,Entire home/apt,,Brno,3,5.0,7,3.0,1.0,134.0,1.0,49.203298,16.596455,2016-10-31 01:22:33.083482
164,8383099,38655874,Private room,,Brno,0,,2,1.0,1.0,46.0,1.0,49.203462,16.595818,2016-10-31 01:34:47.169500
165,8383231,38655874,Private room,,Brno,0,,1,1.0,1.0,34.0,1.0,49.203613,16.595211,2016-10-31 01:40:19.277725
166,8586985,45192357,Shared room,,Brno,25,5.0,2,1.0,1.0,29.0,1.0,49.18092,16.593965,2016-10-31 01:44:51.906156
167,8604577,7034433,Private room,,Brno,2,,2,1.0,1.0,36.0,1.0,49.188741,16.593958,2016-10-31 01:40:12.183956
168,8604845,7034433,Private room,,Brno,0,,1,1.0,1.0,33.0,1.0,49.190683,16.59503,2016-10-31 01:34:44.372790
169,8748344,3566484,Entire home/apt,,Brno,3,4.0,2,1.0,1.0,57.0,1.0,49.17547,16.606207,2016-10-31 01:40:15.639001
170,8749192,3566484,Entire home/apt,,Brno,1,,4,2.0,1.0,68.0,1.0,49.176311,16.606704,2016-10-31 01:20:32.212940
171,8839614,9227364,Private room,,Brno,15,5.0,2,1.0,1.0,22.0,2.0,49.20383,16.618248,2016-10-31 01:19:35.083016
172,9062775,38691204,Private room,,Brno,0,,2,1.0,1.0,25.0,5.0,49.213002,16.625883,2016-10-31 01:43:26.633754
173,9140089,42921937,Entire home/apt,,Brno,2,,2,0.0,1.0,33.0,1.0,49.208838,16.60332,2016-10-31 01:22:48.429988
174,9159464,47681660,Entire home/apt,,Brno,2,,4,1.0,1.0,41.0,2.0,49.212705,16.548796,2016-10-31 01:26:45.378992
175,9308304,29371815,Entire home/apt,,Brno,46,4.5,4,2.0,,50.0,1.0,49.20433,16.619237,2016-10-31 01:25:36.770488
176,9322799,48387548,Private room,,Brno,2,,1,1.0,0.0,25.0,1.0,49.225981,16.59891,2016-10-31 01:44:41.064257
177,9340421,23604538,Private room,,Brno,18,5.0,2,1.0,1.0,23.0,1.0,49.197098,16.607551,2016-10-31 01:33:50.589492
178,9370100,23770807,Private room,,Brno,1,,2,1.0,1.0,30.0,1.0,49.209569,16.605204,2016-10-31 01:23:58.801891
179,9399473,48748552,Private room,,Brno,1,,2,1.0,1.0,42.0,1.0,49.212429,16.584808,2016-10-31 01:27:51.785487
180,9457883,5916522,Private room,,Brno,5,5.0,1,1.0,1.0,22.0,3.0,49.190948,16.619539,2016-10-31 01:18:47.677234
181,9467711,48351970,Entire home/apt,,Brno,10,4.0,5,1.0,1.0,29.0,1.0,49.192764,16.611847,2016-10-31 01:19:32.353082
182,9510125,49279418,Entire home/apt,,Brno,19,5.0,4,1.0,1.0,54.0,3.0,49.197662,16.605677,2016-10-31 01:39:52.995390
183,9516382,29371815,Entire home/apt,,Brno,26,4.5,4,2.0,1.0,50.0,1.0,49.209858,16.627185,2016-10-31 01:22:57.807262
184,9642647,49763177,Private room,,Brno,1,,2,1.0,1.0,25.0,1.0,49.213338,16.684887,2016-10-31 01:28:30.294915
185,9655555,49913319,Entire home/apt,,Brno,16,5.0,3,1.0,1.0,32.0,1.0,49.18631,16.598406,2016-10-31 01:21:07.121542
186,9720950,50176994,Entire home/apt,,Brno,0,,3,1.0,1.0,25.0,2.0,49.243682,16.587309,2016-10-31 01:35:55.789468
187,9768835,18395020,Private room,,Brno,0,,2,1.0,1.0,27.0,7.0,49.193185,16.607951,2016-10-31 01:32:41.481490
188,9869340,7034433,Entire home/apt,,Brno,2,,3,2.0,1.0,57.0,1.0,49.189119,16.595841,2016-10-31 01:32:07.529017
189,9892310,18395020,Entire home/apt,,Brno,2,,2,0.0,1.0,34.0,1.0,49.194462,16.607018,2016-10-31 01:24:50.221262
190,9896282,24246056,Private room,,Brno,31,5.0,2,1.0,,23.0,1.0,49.195771,16.605757,2016-10-31 01:20:40.715795
191,10134792,3327858,Entire home/apt,,Brno,20,5.0,4,1.0,1.0,53.0,1.0,49.213108,16.571907,2016-10-31 01:25:19.437252
192,10280057,52870431,Entire home/apt,,Brno,6,5.0,4,0.0,1.0,32.0,1.0,49.200224,16.628355,2016-10-31 01:25:33.692999
193,10347898,53257320,Shared room,,Brno,0,,1,1.0,1.0,30.0,1.0,49.165151,16.570547,2016-10-31 01:20:14.954869
194,10377571,29371815,Entire home/apt,,Brno,22,5.0,6,2.0,1.0,75.0,1.0,49.214764,16.601212,2016-10-31 01:22:36.337136
195,10404876,40088289,Entire home/apt,,Brno,0,,3,0.0,1.0,58.0,,49.202084,16.606846,2016-10-31 01:28:24.532561
196,10486988,33514827,Private room,,Brno,8,5.0,2,1.0,1.0,15.0,1.0,49.200047,16.626234,2016-10-31 01:23:05.688187
197,10531523,54307699,Private room,,Brno,3,4.5,2,1.0,1.0,32.0,1.0,49.139444,16.602099,2016-10-31 01:24:05.590460
198,10621560,10522599,Entire home/apt,,Brno,1,,3,1.0,1.0,61.0,1.0,49.187793,16.58729,2016-10-31 01:19:29.933434
199,10629059,1741734,Entire home/apt,,Brno,16,5.0,2,1.0,1.0,44.0,2.0,49.198795,16.601986,2016-10-31 01:23:00.562500
200,10680515,10277020,Entire home/apt,,Brno,3,4.5,2,1.0,1.0,55.0,1.0,49.193291,16.565496,2016-10-31 01:27:39.068589
201,10858040,49279418,Entire home/apt,,Brno,6,5.0,5,2.0,,72.0,3.0,49.203196,16.595687,2016-10-31 01:45:34.115411
202,10881818,49279418,Private room,,Brno,3,4.5,3,1.0,,34.0,3.0,49.203168,16.597268,2016-10-31 01:43:16.103808
203,10882863,49279418,Private room,,Brno,2,,2,1.0,,32.0,3.0,49.204367,16.595753,2016-10-31 01:28:59.349972
204,10889839,25896772,Private room,,Brno,7,5.0,2,1.0,1.0,31.0,1.0,49.207406,16.613328,2016-10-31 01:19:45.057586
205,10905731,7094093,Entire home/apt,,Brno,14,5.0,2,1.0,1.0,38.0,2.0,49.222044,16.585212,2016-10-31 01:19:22.611161
206,10939439,34115236,Shared room,,Brno,2,,8,1.0,1.0,11.0,1.0,49.203953,16.625083,2016-10-31 01:39:21.318450
207,10953525,56808199,Entire home/apt,,Brno,3,5.0,3,1.0,1.0,39.0,1.0,49.218711,16.580509,2016-10-31 01:23:27.875424
208,10980009,34115236,Private room,,Brno,1,,2,1.0,1.0,28.0,1.0,49.203682,16.623873,2016-10-31 01:38:35.261124
209,11051647,13156627,Entire home/apt,,Brno,0,,2,1.0,1.0,40.0,1.0,49.173247,16.595803,2016-10-31 01:27:54.348689
210,11062870,44985860,Private room,,Brno,13,5.0,2,1.0,1.0,16.0,1.0,49.181088,16.598726,2016-10-31 01:36:16.476622
211,11096989,42655294,Entire home/apt,,Brno,25,5.0,1,1.0,1.0,23.0,1.0,49.205654,16.604268,2016-10-31 01:17:54.252898
212,11110826,57719244,Entire home/apt,,Brno,21,5.0,2,1.0,1.0,43.0,2.0,49.227331,16.595964,2016-10-31 01:04:00.885545
213,11135595,57868273,Private room,,Brno,22,5.0,2,1.0,1.0,25.0,1.0,49.211718,16.624812,2016-10-31 01:19:13.604902
214,11154935,33891785,Private room,,Brno,0,,2,1.0,1.0,50.0,1.0,49.183156,16.563149,2016-10-31 01:21:54.930739
215,11199275,1568983,Entire home/apt,,Brno,6,5.0,2,1.0,1.0,53.0,3.0,49.199779,16.586446,2016-10-31 01:20:46.852107
216,11235715,45378710,Private room,,Brno,0,,2,1.0,2.0,126.0,1.0,49.232693,16.592403,2016-10-31 01:23:21.606710
217,11257313,46020234,Private room,,Brno,10,5.0,2,1.0,1.0,23.0,1.0,49.216182,16.569921,2016-10-31 01:35:18.466272
218,11264337,46873867,Entire home/apt,,Brno,0,,1,0.0,1.0,28.0,15.0,49.192044,16.600709,2016-10-31 01:17:36.391969
219,11336150,21209177,Private room,,Brno,3,4.5,2,1.0,1.0,26.0,1.0,49.197666,16.594888,2016-10-31 01:26:40.216165
220,11382767,39831139,Entire home/apt,,Brno,5,5.0,2,2.0,1.0,36.0,1.0,49.212871,16.604997,2016-10-31 01:27:41.952374
221,11393714,48346495,Entire home/apt,,Brno,16,5.0,4,2.0,1.0,36.0,2.0,49.203732,16.592941,2016-10-31 01:17:56.336044
222,11477340,16691282,Private room,,Brno,76,5.0,3,1.0,,24.0,1.0,49.196297,16.60512,2016-10-31 01:24:52.778905
223,11556606,60926804,Entire home/apt,,Brno,19,4.5,4,2.0,1.0,55.0,2.0,49.193697,16.607954,2016-10-31 01:30:24.891320
224,11562515,25390628,Entire home/apt,,Brno,17,5.0,5,2.0,1.0,79.0,1.0,49.192048,16.614047,2016-10-31 01:33:16.279213
225,11711982,16662183,Private room,,Brno,9,5.0,3,1.0,2.0,24.0,1.0,49.196373,16.607104,2016-10-31 01:24:08.042259
226,11781654,62734338,Private room,,Brno,1,,1,1.0,1.0,21.0,1.0,49.210749,16.584432,2016-10-31 01:27:20.869050
227,11783237,40189045,Entire home/apt,,Brno,16,4.5,2,0.0,1.0,33.0,1.0,49.201729,16.605261,2016-10-31 01:25:39.599325
228,11902734,16765152,Private room,,Brno,15,4.5,2,1.0,1.0,26.0,2.0,49.20669,16.599086,2016-10-31 01:23:08.310675
229,11912850,63560798,Private room,,Brno,47,4.5,3,1.0,1.0,24.0,1.0,49.195773,16.613849,2016-10-31 01:25:42.350201
230,11975247,56794763,Entire home/apt,,Brno,37,5.0,4,1.0,1.0,21.0,,49.211198,16.627699,2016-10-31 01:39:48.274159
231,11976342,3358066,Private room,,Brno,1,,2,1.0,1.0,21.0,1.0,49.192848,16.648227,2016-10-31 01:25:46.406555
232,11978094,3566484,Entire home/apt,,Brno,4,5.0,3,1.0,1.0,57.0,1.0,49.200668,16.611591,2016-10-31 01:32:32.468771
233,12033092,34115236,Shared room,,Brno,0,,3,1.0,1.0,14.0,1.0,49.20494,16.624158,2016-10-31 01:21:14.034950
234,12036183,41363259,Shared room,,Brno,0,,1,1.0,,42.0,1.0,49.163421,16.564714,2016-10-31 01:35:31.325684
235,12079723,8082029,Private room,,Brno,1,,4,1.0,1.0,87.0,1.0,49.195592,16.608423,2016-10-31 01:18:10.408692
236,12101183,61113883,Private room,,Brno,0,,3,1.0,1.0,23.0,1.0,49.199058,16.593333,2016-10-31 01:23:24.738839
237,12101418,29371815,Entire home/apt,,Brno,13,4.5,5,3.0,,57.0,1.0,49.192494,16.645289,2016-10-31 01:31:57.603704
238,12118359,16691282,Private room,,Brno,35,5.0,2,1.0,,23.0,1.0,49.194844,16.605172,2016-10-31 01:26:06.561452
239,12120812,63560798,Private room,,Brno,7,4.5,3,1.0,1.0,23.0,1.0,49.19374,16.614459,2016-10-31 01:35:52.455957
240,12144513,44985860,Private room,,Brno,5,5.0,2,1.0,1.0,13.0,2.0,49.181222,16.596723,2016-10-31 01:29:24.328632
241,12186578,44985860,Entire home/apt,,Brno,16,5.0,5,2.0,1.0,21.0,,49.181203,16.598679,2016-10-31 01:34:23.859736
242,12193490,29094382,Entire home/apt,,Brno,6,4.0,4,1.0,1.0,34.0,1.0,49.201495,16.62212,2016-10-31 01:27:18.577492
243,12194161,62291242,Entire home/apt,,Brno,7,5.0,5,3.0,1.0,57.0,1.0,49.220756,16.592728,2016-10-31 01:28:36.886680
244,12219997,65732523,Private room,,Brno,2,,2,1.0,1.0,21.0,1.0,49.233021,16.591142,2016-10-31 01:20:12.420897
245,12220098,65732523,Private room,,Brno,24,5.0,2,1.0,1.0,14.0,1.0,49.233062,16.592921,2016-10-31 01:35:25.240404
246,12241949,6821038,Private room,,Brno,5,5.0,2,1.0,1.0,23.0,1.0,49.191246,16.659441,2016-10-31 01:28:57.463750
247,12365051,26723475,Entire home/apt,,Brno,9,5.0,2,1.0,1.0,79.0,1.0,49.192597,16.600712,2016-10-31 01:29:39.262079
248,12398575,31846956,Private room,,Brno,26,5.0,4,1.0,1.0,28.0,1.0,49.197632,16.611896,2016-10-31 01:44:36.808263
249,12429140,55635986,Entire home/apt,,Brno,4,5.0,4,1.0,1.0,63.0,1.0,49.187317,16.600598,2016-10-31 01:23:11.312225
250,12458182,32968576,Entire home/apt,,Brno,1,,2,1.0,1.0,42.0,1.0,49.184591,16.591785,2016-10-31 01:32:44.615212
251,12460717,51077194,Private room,,Brno,0,,1,1.0,1.0,11.0,7.0,49.204976,16.620859,2016-10-31 01:38:09.152161
252,12467829,59582333,Entire home/apt,,Brno,17,5.0,8,3.0,1.0,41.0,1.0,49.193269,16.562201,2016-10-31 01:44:05.196291
253,12488068,67607178,Entire home/apt,,Brno,12,5.0,2,1.0,1.0,39.0,2.0,49.218517,16.600087,2016-10-31 01:26:51.533730
254,12489829,15636143,Entire home/apt,,Brno,20,5.0,6,2.0,1.0,73.0,2.0,49.194086,16.608246,2016-10-31 01:40:53.026371
255,12505984,31323286,Entire home/apt,,Brno,11,4.0,2,0.0,1.0,37.0,4.0,49.196964,16.611174,2016-10-31 01:27:44.742001
256,12576024,68199031,Entire home/apt,,Brno,7,5.0,2,1.0,1.0,29.0,1.0,49.207758,16.660258,2016-10-31 01:38:16.906631
257,12691076,68975698,Shared room,,Brno,0,,4,1.0,1.0,12.0,1.0,49.219381,16.632454,2016-10-31 01:28:39.616016
258,12692404,9820274,Entire home/apt,,Brno,17,5.0,2,1.0,1.0,31.0,1.0,49.21513,16.625284,2016-10-31 01:19:19.893494
259,12701053,25470980,Entire home/apt,,Brno,5,5.0,3,1.0,1.0,28.0,,49.234372,16.628268,2016-10-31 01:23:38.031057
260,12727586,29371815,Entire home/apt,,Brno,8,5.0,5,2.0,,46.0,1.0,49.18387,16.587382,2016-10-31 01:30:59.568994
261,12780348,69542775,Shared room,,Brno,0,,1,1.0,1.0,14.0,1.0,49.2002,16.603437,2016-10-31 01:28:14.083229
262,12864574,8082029,Shared room,,Brno,0,,1,1.0,0.0,21.0,1.0,49.196193,16.607932,2016-10-31 01:39:57.006216
263,12881666,70484059,Private room,,Brno,11,4.0,3,1.0,1.0,26.0,1.0,49.196284,16.595638,2016-10-31 01:31:31.126014
264,12899133,61809465,Entire home/apt,,Brno,23,5.0,2,1.0,1.0,23.0,2.0,49.181416,16.683726,2016-10-31 01:35:04.616411
265,12926029,30833832,Entire home/apt,,Brno,0,,3,1.0,1.0,67.0,1.0,49.219175,16.597439,2016-10-31 01:30:34.961863
266,12945087,29872374,Entire home/apt,,Brno,18,4.5,4,2.0,,62.0,1.0,49.200393,16.619133,2016-10-31 01:19:26.766913
267,12983260,71452526,Entire home/apt,,Brno,0,,2,0.0,1.0,29.0,2.0,49.202194,16.601108,2016-10-31 01:27:13.705945
268,13013584,71809122,Entire home/apt,,Brno,23,4.5,2,0.0,1.0,19.0,1.0,49.211007,16.625465,2016-10-31 01:39:25.350748
269,13014702,71820327,Entire home/apt,,Brno,30,5.0,3,1.0,1.0,25.0,1.0,49.201242,16.616521,2016-10-31 01:32:05.131229
270,13025506,71781469,Entire home/apt,,Brno,6,4.0,4,2.0,1.0,94.0,1.0,49.192802,16.611906,2016-10-31 01:41:55.933679
271,13034995,35407775,Entire home/apt,,Brno,11,4.5,2,1.0,,28.0,,49.211822,16.603553,2016-10-31 01:32:21.585505
272,13036449,71781469,Entire home/apt,,Brno,6,4.5,2,1.0,1.0,47.0,,49.193039,16.612171,2016-10-31 01:23:47.458555
273,13052284,29872374,Entire home/apt,,Brno,13,4.5,4,2.0,1.0,62.0,1.0,49.198055,16.616481,2016-10-31 01:21:30.138128
274,13055567,26723475,Entire home/apt,,Brno,13,4.5,2,1.0,1.0,87.0,1.0,49.191835,16.600583,2016-10-31 01:22:12.596892
275,13060665,61254448,Private room,,Brno,0,,2,1.0,1.0,34.0,1.0,49.218073,16.56107,2016-10-31 01:28:27.719466
276,13063365,72362687,Entire home/apt,,Brno,8,5.0,3,1.0,1.0,44.0,,49.200084,16.591432,2016-10-31 01:29:56.159999
277,13106193,72843651,Private room,,Brno,11,5.0,3,1.0,,21.0,1.0,49.203711,16.595801,2016-10-31 01:35:14.716983
278,13118824,66842548,Entire home/apt,,Brno,25,4.5,4,1.0,1.0,50.0,1.0,49.18755,16.585999,2016-10-31 01:41:14.082720
279,13131998,36277660,Private room,,Brno,16,4.5,2,1.0,1.0,23.0,1.0,49.182329,16.585536,2016-10-31 01:42:06.222922
280,13206857,74009441,Entire home/apt,,Brno,0,,3,0.0,1.0,31.0,2.0,49.19305,16.590019,2016-10-31 01:45:32.033629
281,13211343,59678173,Private room,,Brno,0,,2,1.0,1.0,16.0,1.0,49.207709,16.60591,2016-10-31 01:22:27.711552
282,13245711,74452775,Entire home/apt,,Brno,5,5.0,5,2.0,1.0,97.0,1.0,49.188642,16.606617,2016-10-31 01:22:05.222689
283,13270930,70634222,Private room,,Brno,0,,2,1.0,,23.0,1.0,49.203544,16.596088,2016-10-31 01:25:51.968109
284,13277898,2414990,Entire home/apt,,Brno,17,5.0,3,1.0,1.0,37.0,2.0,49.175594,16.619781,2016-10-31 01:25:25.841526
285,13324403,75372325,Entire home/apt,,Brno,0,,4,1.0,1.0,39.0,1.0,49.178856,16.691209,2016-10-31 01:41:36.418475
286,13354561,23525548,Private room,,Brno,0,,2,1.0,1.0,25.0,,49.20346,16.61193,2016-10-31 01:25:55.767346
287,13366908,27516659,Private room,,Brno,0,,1,1.0,1.0,25.0,1.0,49.132758,16.64816,2016-10-31 01:41:00.441141
288,13369885,75912749,Entire home/apt,,Brno,9,5.0,4,1.0,1.0,26.0,1.0,49.205842,16.62124,2016-10-31 01:31:20.408783
289,13373994,10848860,Private room,,Brno,13,5.0,4,1.0,1.0,39.0,1.0,49.205438,16.615306,2016-10-31 01:44:24.544073
290,13389987,76144804,Entire home/apt,,Brno,4,5.0,2,1.0,1.0,23.0,1.0,49.191448,16.619638,2016-10-31 01:26:37.197287
291,13404156,76304496,Entire home/apt,,Brno,1,,3,0.0,,36.0,1.0,49.195589,16.606606,2016-10-31 01:41:58.568438
292,13405687,73799040,Entire home/apt,,Brno,10,5.0,2,1.0,1.0,41.0,2.0,49.199984,16.611148,2016-10-31 01:24:01.880218
293,13425207,49279418,Entire home/apt,,Brno,3,5.0,2,1.0,,54.0,3.0,49.197413,16.604503,2016-10-31 01:24:29.153705
294,13426213,49279418,Entire home/apt,,Brno,7,5.0,5,2.0,,74.0,3.0,49.197676,16.605199,2016-10-31 01:34:58.393285
295,13473308,77087955,Entire home/apt,,Brno,6,4.5,5,2.0,,50.0,2.0,49.207802,16.575642,2016-10-31 01:18:54.428172
296,13517652,16691282,Entire home/apt,,Brno,36,5.0,2,0.0,1.0,33.0,1.0,49.198877,16.601523,2016-10-31 01:21:17.596162
297,13544766,77932862,Private room,,Brno,23,4.5,2,1.0,1.0,22.0,1.0,49.191696,16.603344,2016-10-31 01:36:23.656561
298,13559738,24411979,Private room,,Brno,0,,4,1.0,1.0,28.0,2.0,49.204703,16.595062,2016-10-31 01:29:50.167767
299,13568576,66842548,Entire home/apt,,Brno,16,4.5,4,0.0,1.0,52.0,1.0,49.187426,16.603479,2016-10-31 01:30:31.009223
300,13611321,78782738,Private room,,Brno,5,5.0,2,1.0,1.0,25.0,1.0,49.201888,16.577822,2016-10-31 01:32:15.328106
301,13613013,19713903,Shared room,,Brno,0,,2,1.0,1.0,23.0,1.0,49.165903,16.555605,2016-10-31 01:20:37.569080
302,13646876,26723475,Entire home/apt,,Brno,2,,2,1.0,1.0,79.0,1.0,49.191888,16.602115,2016-10-31 01:27:33.400813
303,13668012,71433987,Entire home/apt,,Brno,9,5.0,2,1.0,1.0,23.0,1.0,49.210104,16.599491,2016-10-31 01:40:04.589248
304,13680683,71957837,Entire home/apt,,Brno,5,4.5,6,3.0,2.0,75.0,2.0,49.197756,16.619375,2016-10-31 01:22:55.480806
305,13726696,80266203,Entire home/apt,,Brno,1,,6,2.0,1.0,59.0,1.0,49.192761,16.60318,2016-10-31 01:31:35.185336
306,13732615,80266203,Entire home/apt,,Brno,0,,6,2.0,1.0,84.0,1.0,49.193034,16.604892,2016-10-31 01:36:18.384141
307,13743765,80445781,Entire home/apt,,Brno,27,5.0,2,0.0,1.0,34.0,1.0,49.208678,16.594768,2016-10-31 01:19:16.690845
308,13762971,36327375,Private room,,Brno,8,4.5,3,1.0,1.0,19.0,1.0,49.211913,16.551284,2016-10-31 01:37:59.091381
309,13872536,54435706,Private room,,Brno,8,5.0,2,1.0,1.0,15.0,1.0,49.212661,16.585194,2016-10-31 01:36:12.389220
310,13893719,3566484,Entire home/apt,,Brno,1,,4,1.0,1.0,74.0,1.0,49.190687,16.607499,2016-10-31 01:21:36.635774
311,13907518,18395020,Entire home/apt,,Brno,0,,2,0.0,1.0,32.0,7.0,49.20074,16.625541,2016-10-31 01:29:31.434761
312,13933764,82818804,Private room,,Brno,1,,2,1.0,1.0,63.0,1.0,49.174001,16.527177,2016-10-31 01:22:52.605553
313,13937297,51333165,Entire home/apt,,Brno,6,4.0,4,1.0,1.0,22.0,1.0,49.195986,16.644386,2016-10-31 01:41:18.363752
314,13973793,29094382,Entire home/apt,,Brno,0,,4,0.0,1.0,40.0,1.0,49.200857,16.622642,2016-10-31 01:40:57.830670
315,13985666,83463130,Entire home/apt,,Brno,0,,3,2.0,1.0,28.0,3.0,49.194976,16.53962,2016-10-31 01:25:22.024203
316,14001679,83661130,Entire home/apt,,Brno,14,5.0,4,2.0,,35.0,1.0,49.200242,16.602736,2016-10-31 01:40:42.911015
317,14040907,83844500,Private room,,Brno,2,,1,1.0,1.0,25.0,1.0,49.230656,16.586748,2016-10-31 01:35:59.977319
318,14052029,84280408,Entire home/apt,,Brno,2,,4,2.0,1.0,35.0,1.0,49.220273,16.585024,2016-10-31 01:35:40.693642
319,14052628,40189045,Entire home/apt,,Brno,1,,2,0.0,1.0,37.0,2.0,49.201974,16.60574,2016-10-31 01:42:37.770436
320,14079425,32043907,Entire home/apt,,Brno,8,5.0,2,0.0,1.0,26.0,2.0,49.200625,16.611029,2016-10-31 01:31:17.485673
321,14080142,32043907,Entire home/apt,,Brno,2,,8,2.0,1.0,136.0,2.0,49.204429,16.610714,2016-10-31 01:32:12.985141
322,14088689,84735157,Private room,,Brno,1,,3,1.0,1.0,32.0,1.0,49.17606,16.553422,2016-10-31 01:27:07.712411
323,14101892,32249725,Entire home/apt,,Brno,1,,2,1.0,1.0,26.0,1.0,49.184199,16.641419,2016-10-31 01:26:09.402104
324,14118900,83468077,Entire home/apt,,Brno,5,5.0,3,1.0,,25.0,2.0,49.204209,16.594619,2016-10-31 01:32:50.367005
325,14138820,18127581,Entire home/apt,,Brno,7,5.0,4,1.0,1.0,40.0,2.0,49.187357,16.595134,2016-10-31 01:24:41.107478
326,14163837,62363449,Private room,,Brno,8,4.5,4,1.0,1.0,12.0,1.0,49.196138,16.609262,2016-10-31 01:24:21.849905
327,14171560,3566484,Entire home/apt,,Brno,0,,4,1.0,1.0,74.0,2.0,49.192154,16.607152,2016-10-31 01:27:28.130398
328,14225970,86456410,Private room,,Brno,2,,1,1.0,1.0,28.0,1.0,49.199239,16.578137,2016-10-31 01:19:10.863012
329,14226468,29371815,Entire home/apt,,Brno,0,,3,1.0,1.0,57.0,1.0,49.202534,16.579198,2016-10-31 01:35:22.264384
330,14227404,86474096,Private room,,Brno,4,4.0,2,1.0,,16.0,2.0,49.179372,16.554581,2016-10-31 01:45:46.694351
331,14228668,3566484,Entire home/apt,,Brno,1,,4,2.0,2.0,85.0,2.0,49.210727,16.620754,2016-10-31 01:42:41.774126
332,14228987,16662183,Private room,,Brno,13,4.5,5,1.0,2.0,23.0,1.0,49.194739,16.605872,2016-10-31 01:44:16.073825
333,14232083,16662183,Private room,,Brno,11,5.0,5,1.0,2.0,24.0,1.0,49.196714,16.605024,2016-10-31 01:38:44.799918
334,14241039,42691604,Private room,,Brno,1,,2,1.0,1.0,33.0,2.0,49.205515,16.47941,2016-10-31 01:17:42.156496
335,14250068,82641184,Entire home/apt,,Brno,3,4.5,3,2.0,1.0,63.0,2.0,49.224856,16.596853,2016-10-31 01:42:35.127075
336,14260597,86791464,Private room,,Brno,9,4.0,2,1.0,1.0,21.0,2.0,49.21939,16.518709,2016-10-31 01:17:39.311785
337,14274704,87050892,Entire home/apt,,Brno,3,5.0,3,2.0,1.0,50.0,2.0,49.217156,16.578167,2016-10-31 01:33:19.789083
338,14275560,85771288,Entire home/apt,,Brno,1,,3,1.0,1.0,61.0,1.0,49.190959,16.620246,2016-10-31 01:30:44.941496
339,14285815,87189944,Entire home/apt,,Brno,6,5.0,3,2.0,,28.0,1.0,49.233985,16.630846,2016-10-31 01:45:43.713141
340,14285933,87194161,Private room,,Brno,1,,2,1.0,1.0,21.0,1.0,49.256784,16.56974,2016-10-31 01:21:48.398487
341,14287604,42691604,Private room,,Brno,0,,3,1.0,1.0,33.0,2.0,49.207211,16.478051,2016-10-31 01:23:42.303509
342,14291130,50143483,Private room,,Brno,0,,2,1.0,1.0,44.0,1.0,49.194795,16.564822,2016-10-31 01:34:16.930860
343,14294715,76397259,Private room,,Brno,4,5.0,2,1.0,1.0,21.0,1.0,49.201456,16.612552,2016-10-31 01:20:09.491850
344,14306173,42691604,Private room,,Brno,0,,3,1.0,1.0,33.0,2.0,49.207147,16.477838,2016-10-31 01:35:37.155798
345,14318484,16662183,Entire home/apt,,Brno,10,5.0,13,3.0,,79.0,1.0,49.19508,16.606986,2016-10-31 01:35:43.302963
346,14333259,69922737,Entire home/apt,,Brno,2,,6,2.0,1.0,80.0,1.0,49.197847,16.621743,2016-10-31 01:38:40.657917
347,14349994,35407775,Entire home/apt,,Brno,0,,4,1.0,1.0,149.0,3.0,49.193057,16.622999,2016-10-31 01:37:52.727817
348,14399808,88493522,Entire home/apt,,Brno,2,,4,1.0,1.0,57.0,2.0,49.175172,16.552024,2016-10-31 01:32:54.146959
349,14408803,86542407,Entire home/apt,,Brno,7,4.5,4,2.0,1.0,61.0,1.0,49.196116,16.609497,2016-10-31 01:37:35.289737
350,14417331,76178846,Entire home/apt,,Brno,2,,4,2.0,1.0,20.0,1.0,49.216225,16.566564,2016-10-31 01:26:48.680651
351,14436285,31846956,Entire home/apt,,Brno,1,,5,2.0,1.0,52.0,1.0,49.194816,16.607601,2016-10-31 01:20:56.606761
352,14448280,16662183,Entire home/apt,,Brno,4,5.0,16,7.0,,187.0,1.0,49.195908,16.607381,2016-10-31 01:40:25.142127
353,14458271,88941723,Entire home/apt,,Brno,13,5.0,5,2.0,1.0,34.0,1.0,49.207674,16.604077,2016-10-31 01:34:11.051734
354,14493581,65343331,Entire home/apt,,Brno,4,5.0,4,2.0,1.0,55.0,1.0,49.190593,16.590243,2016-10-31 01:36:51.693481
355,14493699,86452560,Private room,,Brno,1,,4,1.0,1.0,37.0,1.0,49.192206,16.609527,2016-10-31 01:43:00.719646
356,14497263,87682168,Private room,,Brno,0,,2,1.0,1.0,57.0,1.0,49.201711,16.639009,2016-10-31 01:30:48.478522
357,14521536,89736932,Entire home/apt,,Brno,0,,5,3.0,1.0,83.0,2.0,49.233531,16.590883,2016-10-31 01:40:08.468929
358,14561550,64880546,Entire home/apt,,Brno,1,,4,2.0,1.0,83.0,1.0,49.188736,16.593269,2016-10-31 01:18:56.386583
359,14563390,20939806,Private room,,Brno,1,,2,1.0,1.0,42.0,2.0,49.198493,16.601695,2016-10-31 01:38:46.924151
360,14570027,83756908,Entire home/apt,,Brno,1,,2,1.0,1.0,37.0,1.0,49.193997,16.623396,2016-10-31 01:24:15.622340
361,14570170,36327375,Entire home/apt,,Brno,2,,3,1.0,1.0,31.0,1.0,49.211417,16.549643,2016-10-31 01:30:10.409813
362,14578823,16514467,Entire home/apt,,Brno,1,,3,1.0,1.0,48.0,1.0,49.189714,16.602437,2016-10-31 01:36:31.611980
363,14581371,58047274,Entire home/apt,,Brno,4,5.0,2,0.0,,41.0,2.0,49.204763,16.610856,2016-10-31 01:29:44.702454
364,14621797,11549602,Entire home/apt,,Brno,0,,3,1.0,,83.0,2.0,49.242943,16.539493,2016-10-31 01:23:18.638177
365,14622046,90760650,Entire home/apt,,Brno,7,5.0,4,3.0,,19.0,1.0,49.245784,16.574744,2016-10-31 01:40:30.445528
366,14632502,88658083,Entire home/apt,,Brno,2,,4,1.0,1.0,59.0,,49.204934,16.603625,2016-10-31 01:43:23.497878
367,14669914,19764487,Entire home/apt,,Brno,1,,2,0.0,1.0,38.0,1.0,49.188469,16.593521,2016-10-31 01:44:08.117858
368,14709602,91319844,Shared room,,Brno,0,,2,1.0,,25.0,1.0,49.203565,16.58045,2016-10-31 01:36:48.431958
369,14711611,91531951,Entire home/apt,,Brno,1,,2,1.0,1.0,33.0,2.0,49.204341,16.635725,2016-10-31 01:30:20.420231
370,14768998,16691282,Entire home/apt,,Brno,15,5.0,4,0.0,1.0,33.0,1.0,49.199292,16.600966,2016-10-31 01:38:37.836443
371,14770213,24246056,Entire home/apt,,Brno,19,5.0,2,0.0,1.0,33.0,1.0,49.199972,16.60129,2016-10-31 01:18:38.391470
372,14770598,90003193,Private room,,Brno,8,4.0,2,1.0,,12.0,1.0,49.223813,16.5852,2016-10-31 01:30:06.184484
373,14772613,44400732,Private room,,Brno,2,,4,1.0,1.0,23.0,1.0,49.192748,16.601,2016-10-31 01:45:22.110906
374,14861121,93079914,Private room,,Brno,0,,3,1.0,1.0,90.0,,49.205253,16.557843,2016-10-31 01:37:08.135781
375,14861724,93085670,Entire home/apt,,Brno,5,5.0,2,1.0,,30.0,1.0,49.191004,16.626126,2016-10-31 01:30:03.872273
376,14923540,93013523,Entire home/apt,,Brno,3,5.0,4,2.0,1.0,61.0,2.0,49.201158,16.604766,2016-10-31 01:32:26.777470
377,14924591,93818030,Shared room,,Brno,5,4.5,2,1.0,1.0,10.0,1.0,49.203673,16.6238,2016-10-31 01:41:39.174659
378,14973715,94305985,Entire home/apt,,Brno,1,,4,2.0,,42.0,3.0,49.224533,16.597214,2016-10-31 01:18:24.448069
379,14977987,94055674,Entire home/apt,,Brno,1,,4,1.0,1.0,32.0,2.0,49.185769,16.586393,2016-10-31 01:41:25.069899
380,15010459,59358781,Private room,,Brno,7,5.0,2,1.0,1.0,25.0,2.0,49.200879,16.616485,2016-10-31 01:21:05.033379
381,15076722,95381676,Entire home/apt,,Brno,4,5.0,3,1.0,1.0,50.0,2.0,49.209903,16.617409,2016-10-31 01:37:56.586431
382,15108426,74968618,Entire home/apt,,Brno,1,,2,1.0,1.0,32.0,1.0,49.187538,16.588043,2016-10-31 01:45:40.308658
383,15177016,96326542,Entire home/apt,,Brno,2,,4,1.0,1.0,37.0,1.0,49.171211,16.572241,2016-10-31 01:20:53.475552
384,15209637,24246056,Entire home/apt,,Brno,2,,15,4.0,,83.0,1.0,49.1961,16.606856,2016-10-31 01:37:32.526243
385,15252624,49995668,Entire home/apt,,Brno,0,,2,1.0,1.0,42.0,7.0,49.195213,16.608702,2016-10-31 01:28:07.973057
386,15253530,17634815,Private room,,Brno,2,,2,1.0,1.0,76.0,1.0,49.196735,16.616871,2016-10-31 01:44:43.301050
387,15270298,24246056,Entire home/apt,,Brno,1,,2,0.0,1.0,33.0,1.0,49.200878,16.601034,2016-10-31 01:27:00.170755
388,15276106,57389542,Private room,,Brno,0,,2,1.0,1.0,22.0,1.0,49.213293,16.685921,2016-10-31 01:45:14.672454
389,15312534,66842548,Entire home/apt,,Brno,0,,4,1.0,1.0,44.0,1.0,49.187997,16.586114,2016-10-31 01:19:41.459639
390,15320297,97604793,Private room,,Brno,0,,2,1.0,2.0,16.0,2.0,49.237289,16.661309,2016-10-31 01:20:34.203505
391,15321932,57097927,Shared room,,Brno,1,,1,1.0,,10.0,1.0,49.18927,16.603528,2016-10-31 01:44:11.801302
392,15322930,14792773,Private room,,Brno,0,,2,1.0,1.0,29.0,1.0,49.198718,16.595234,2016-10-31 01:24:32.464110
393,15335492,66842548,Entire home/apt,,Brno,2,,4,1.0,1.0,50.0,1.0,49.191249,16.599904,2016-10-31 01:30:37.730300
394,15336141,97767532,Entire home/apt,,Brno,1,,2,1.0,1.0,31.0,1.0,49.211181,16.57306,2016-10-31 01:24:23.811237
395,15427961,98895517,Entire home/apt,,Brno,1,,4,2.0,1.0,42.0,1.0,49.196365,16.612377,2016-10-31 01:22:25.264584
396,15443357,16514467,Entire home/apt,,Brno,0,,3,1.0,1.0,54.0,1.0,49.188805,16.598761,2016-10-31 01:24:55.824478
397,15465567,14191740,Entire home/apt,,Brno,0,,3,1.0,1.0,112.0,2.0,49.19103,16.605556,2016-10-31 01:41:07.934221
398,15532587,76418278,Private room,,Brno,1,,2,1.0,,10.0,1.0,49.176876,16.551015,2016-10-31 01:37:17.997043
399,15563741,47976038,Private room,,Brno,2,,2,1.0,,41.0,1.0,49.204606,16.616606,2016-10-31 01:28:04.586142
400,15602778,100564086,Entire home/apt,,Brno,0,,2,1.0,1.0,157.0,,49.205372,16.618339,2016-10-31 01:23:55.150759
401,15625845,99494741,Entire home/apt,,Brno,0,,2,1.0,1.0,29.0,1.0,49.211464,16.570792,2016-10-31 01:40:33.868495
402,15631252,92603572,Entire home/apt,,Brno,1,,2,1.0,,50.0,1.0,49.20044,16.595684,2016-10-31 01:21:27.255187
403,15643159,100915855,Entire home/apt,,Brno,0,,3,1.0,1.0,24.0,1.0,49.232172,16.58907,2016-10-31 01:23:34.306169
404,15644675,100932374,Entire home/apt,,Brno,0,,2,1.0,1.0,36.0,1.0,49.201553,16.614008,2016-10-31 01:40:50.637515
405,15644809,100932374,Entire home/apt,,Brno,0,,1,1.0,1.0,36.0,1.0,49.200969,16.612556,2016-10-31 01:26:33.604487
406,15646597,67446480,Entire home/apt,,Brno,0,,4,2.0,1.0,84.0,1.0,49.195834,16.610389,2016-10-31 01:20:24.520237
407,15661139,6083876,Private room,,Brno,0,,2,1.0,1.0,20.0,1.0,49.186366,16.639731,2016-10-31 01:28:10.903442
408,15697762,76775524,Shared room,,Brno,0,,2,1.0,,18.0,1.0,49.194084,16.609156,2016-10-31 01:39:50.751047
409,15709912,24246056,Entire home/apt,,Brno,0,,4,0.0,1.0,37.0,1.0,49.20099,16.602749,2016-10-31 01:34:03.486670
410,15713429,76775524,Shared room,,Brno,0,,2,1.0,,16.0,1.0,49.194092,16.609059,2016-10-31 01:37:23.576065
411,15724354,101585415,Entire home/apt,,Brno,0,,4,2.0,1.0,50.0,1.0,49.221818,16.53023,2016-10-31 01:23:44.909069
412,15733175,40088289,Entire home/apt,,Brno,0,,3,1.0,1.0,58.0,,49.202532,16.60614,2016-10-31 01:24:47.424513
413,15744988,40088289,Entire home/apt,,Brno,0,,3,1.0,1.0,71.0,1.0,49.201107,16.606237,2016-10-31 01:27:58.895323
414,15754424,66842548,Entire home/apt,,Brno,0,,4,0.0,1.0,58.0,1.0,49.185928,16.585911,2016-10-31 01:44:01.670122
415,15754882,62524892,Private room,,Brno,0,,2,1.0,1.0,21.0,1.0,49.188735,16.622236,2016-10-31 01:38:02.883367
416,15754987,38191170,Entire home/apt,,Brno,0,,4,1.0,1.0,12.0,1.0,49.194709,16.5971,2016-10-31 01:26:53.429689
