,room_id,host_id,room_type,city,neighborhood,reviews,overall_satisfaction,accommodates,bedrooms,bathrooms,price,minstay,latitude,longitude,collected
0,32780,141881,Entire home/apt,Spoleto,Spolet,1,5.0,4.0,10.0,,112.0,2.0,42.674853,12.74539,2016-03-04 11:31:22.463710
1,66059,323220,Private room,Terni,Tern,1,5.0,3.0,1.0,1.0,73.0,2.0,42.524227,12.625045,2016-03-04 12:18:23.135563
2,67306,330926,Private room,Monte Castello di Vibio,Monte Castello di Vibi,0,,,1.0,3.0,78.0,2.0,42.838236,12.348538,2016-03-04 11:57:06.270460
3,71942,366012,Private room,Assisi,Assis,0,,2.0,1.0,,106.0,1.0,43.070379,12.611315,2016-03-04 11:56:13.174769
4,85548,468598,Private room,Bastia Umbra,Bastia Umbr,8,5.0,4.0,1.0,3.0,62.0,1.0,43.065656,12.540807,2016-03-04 11:45:31.242485
5,85783,470386,Entire home/apt,Spoleto,Spolet,0,,4.0,1.0,1.0,73.0,1.0,42.782229,12.798396,2016-03-04 11:36:37.224389
6,88388,483330,Entire home/apt,Spoleto,Spolet,14,4.5,,4.0,4.0,89.0,1.0,42.77533,12.701039,2016-03-04 12:17:38.551045
7,125784,624863,Entire home/apt,Spoleto,Spolet,12,5.0,5.0,2.0,2.0,140.0,3.0,42.781457,12.798364,2016-03-04 12:19:22.779249
8,128456,624863,Entire home/apt,Spoleto,Spolet,11,4.5,4.0,1.0,1.0,101.0,3.0,42.781507,12.797672,2016-03-04 11:55:56.326188
9,129566,639005,Private room,Assisi,Assis,41,4.5,2.0,1.0,1.0,45.0,1.0,43.074552,12.608892,2016-03-04 11:33:20.301097
10,137866,673792,Entire home/apt,Spoleto,Spolet,0,,2.0,1.0,1.0,34.0,4.0,42.705732,12.609001,2016-03-04 11:33:16.960488
11,148394,716564,Entire home/apt,Stroncone,Stroncon,12,4.5,2.0,1.0,1.0,39.0,3.0,42.49762,12.664225,2016-03-04 11:31:25.008069
12,152817,735026,Entire home/apt,Montefalco,Montefalc,0,,,3.0,3.0,67.0,1.0,42.846757,12.688065,2016-03-04 12:09:23.246593
13,153912,740210,Private room,Assisi,Assis,0,,4.0,1.0,2.0,67.0,1.0,43.084877,12.670451,2016-03-04 11:50:10.927517
14,159826,766323,Private room,Baschi,Basch,0,,,1.0,6.0,225.0,1.0,42.728187,12.335585,2016-03-04 12:13:33.901189
15,189531,914388,Private room,Bastia Umbra,Bastia Umbr,0,,2.0,1.0,1.0,34.0,1.0,43.070542,12.536576,2016-03-04 11:53:38.711988
16,194462,944498,Private room,Ferentillo,Ferentill,0,,3.0,1.0,1.0,22.0,2.0,42.624828,12.781461,2016-03-04 11:45:34.797095
17,207350,1027291,Private room,Todi,Tod,2,5.0,2.0,1.0,1.0,27.0,2.0,42.762617,12.436163,2016-03-04 12:13:50.457680
18,220308,1142007,Entire home/apt,Foligno,Folign,87,4.5,5.0,2.0,1.0,33.0,1.0,42.979607,12.72476,2016-03-04 12:16:54.582608
19,228181,566462,Private room,Bastia Umbra,Bastia Umbr,0,,4.0,1.0,1.0,67.0,3.0,43.067896,12.547723,2016-03-04 12:07:03.417994
20,234115,361930,Private room,Lugnano in Teverina,Lugnano in Teverin,4,5.0,4.0,1.0,1.0,95.0,5.0,42.56495,12.327783,2016-03-04 11:37:45.954366
21,237747,1246410,Entire home/apt,Spoleto,Spolet,0,,,10.0,8.0,1122.0,3.0,42.784828,12.693521,2016-03-04 11:29:53.206626
22,237974,1246410,Entire home/apt,Spoleto,Spolet,1,5.0,,4.0,3.0,281.0,3.0,42.786373,12.694166,2016-03-04 12:10:08.805205
23,243313,906799,Private room,Assisi,Assis,36,5.0,2.0,1.0,1.0,66.0,1.0,43.070244,12.615234,2016-03-04 11:51:59.705506
24,252466,1325100,Entire home/apt,Trevi,Trev,0,,3.0,1.0,1.0,112.0,3.0,42.877886,12.746837,2016-03-04 12:16:06.853535
25,259051,639005,Private room,Assisi,Assis,4,5.0,3.0,1.0,1.0,45.0,1.0,43.07275,12.608815,2016-03-04 12:08:43.084593
26,261107,1246410,Private room,Spoleto,Spolet,1,5.0,3.0,1.0,1.0,145.0,2.0,42.787143,12.697188,2016-03-04 12:13:43.690618
27,261108,1246410,Private room,Spoleto,Spolet,0,,2.0,1.0,1.0,157.0,2.0,42.785304,12.693723,2016-03-04 11:55:44.480463
28,261114,1246410,Private room,Spoleto,Spolet,0,,3.0,1.0,1.0,151.0,2.0,42.785457,12.693847,2016-03-04 11:33:54.886076
29,261128,1246410,Private room,Spoleto,Spolet,0,,3.0,1.0,1.0,124.0,2.0,42.786385,12.693947,2016-03-04 11:47:34.024502
30,261130,1246410,Private room,Spoleto,Spolet,0,,2.0,1.0,1.0,134.0,2.0,42.787423,12.698421,2016-03-04 11:51:51.894352
31,261136,1246410,Entire home/apt,Spoleto,Spolet,2,4.5,5.0,2.0,2.0,112.0,2.0,42.78826,12.698112,2016-03-04 11:35:01.566644
32,261665,1372796,Private room,Assisi,Assis,141,5.0,,1.0,3.0,50.0,,43.070691,12.613909,2016-03-04 12:09:49.166270
33,266105,906799,Private room,Assisi,Assis,11,4.5,3.0,1.0,1.0,89.0,1.0,43.070223,12.615432,2016-03-04 11:52:40.535698
34,266120,906799,Private room,Assisi,Assis,7,5.0,1.0,1.0,1.0,39.0,1.0,43.070403,12.615451,2016-03-04 11:31:15.184779
35,318147,1632942,Entire home/apt,Trevi,Trev,3,5.0,,10.0,8.0,898.0,1.0,42.853469,12.750753,2016-03-04 11:35:48.535231
36,335028,1706390,Private room,Foligno,Folign,0,,2.0,1.0,1.0,78.0,1.0,42.95963,12.700989,2016-03-04 11:49:17.625694
37,339015,716564,Entire home/apt,Stroncone,Stroncon,19,4.5,2.0,1.0,1.0,39.0,1.0,42.498414,12.664107,2016-03-04 11:38:29.818739
38,359063,1706390,Private room,Foligno,Folign,0,,2.0,1.0,1.0,78.0,1.0,42.957713,12.702264,2016-03-04 11:48:22.199618
39,360747,673792,Entire home/apt,Spoleto,Spolet,1,5.0,4.0,2.0,1.0,44.0,3.0,42.705934,12.607529,2016-03-04 11:35:19.178869
40,418035,857151,Entire home/apt,Montefalco,Montefalc,41,5.0,4.0,2.0,2.0,67.0,2.0,42.870415,12.682972,2016-03-04 12:10:23.663357
41,423588,361930,Private room,Lugnano in Teverina,Lugnano in Teverin,2,4.0,2.0,1.0,0.0,83.0,5.0,42.566315,12.327182,2016-03-04 12:01:06.293735
42,427959,361930,Private room,Lugnano in Teverina,Lugnano in Teverin,0,,2.0,1.0,1.0,83.0,5.0,42.566291,12.326975,2016-03-04 11:51:33.159556
43,457038,2272363,Entire home/apt,Foligno,Folign,7,5.0,4.0,2.0,1.0,39.0,1.0,42.955248,12.700016,2016-03-04 12:10:54.014067
44,458560,2280260,Private room,Spoleto,Spolet,23,4.5,,1.0,7.0,67.0,1.0,42.754931,12.757457,2016-03-04 11:55:38.279528
45,478583,2272363,Entire home/apt,Foligno,Folign,3,4.5,4.0,2.0,1.0,39.0,1.0,42.952771,12.704338,2016-03-04 12:12:09.040764
46,482069,2387342,Private room,Assisi,Assis,14,5.0,4.0,1.0,2.0,34.0,1.0,43.044888,12.617612,2016-03-04 12:09:06.615967
47,483853,2395637,Private room,Assisi,Assis,7,5.0,2.0,1.0,1.0,56.0,1.0,43.062379,12.584521,2016-03-04 11:54:39.667111
48,492568,2280260,Private room,Spoleto,Spolet,3,4.5,3.0,1.0,1.0,67.0,1.0,42.756108,12.75581,2016-03-04 11:33:02.082262
49,504003,2395642,Private room,Bettona,Betton,0,,2.0,1.0,1.0,90.0,1.0,42.98774,12.480601,2016-03-04 11:37:49.254924
50,512589,2525036,Private room,Todi,Tod,0,,1.0,1.0,1.0,56.0,1.0,42.696335,12.429115,2016-03-04 12:09:30.765520
51,529615,2280260,Private room,Spoleto,Spolet,1,5.0,2.0,1.0,1.0,67.0,1.0,42.758042,12.759486,2016-03-04 11:40:40.723971
52,534328,2626239,Entire home/apt,Spoleto,Spolet,7,4.5,4.0,1.0,2.0,83.0,2.0,42.73598,12.737461,2016-03-04 11:44:18.771897
53,558298,2745560,Private room,Ferentillo,Ferentill,0,,2.0,1.0,1.0,80.0,1.0,42.628253,12.781922,2016-03-04 11:57:16.053830
54,585871,2888639,Private room,Bastia Umbra,Bastia Umbr,3,5.0,2.0,1.0,1.0,40.0,1.0,43.076684,12.560745,2016-03-04 11:52:44.809064
55,589165,2890193,Private room,Spoleto,Spolet,7,4.5,4.0,1.0,,33.0,1.0,42.74633,12.730552,2016-03-04 11:39:24.232792
56,636133,3171354,Entire home/apt,Campello Sul Clitunno,Campello Sul Clitunn,0,,,5.0,3.0,168.0,2.0,42.819674,12.776679,2016-03-04 12:08:19.661309
57,637819,2431361,Private room,Assisi,Assis,38,5.0,,1.0,4.0,39.0,1.0,43.060373,12.620197,2016-03-04 12:03:41.106222
58,752788,3959727,Private room,Terni,Tern,0,,3.0,1.0,1.0,78.0,1.0,42.540738,12.628249,2016-03-04 11:33:05.436878
59,765376,4031659,Private room,Assisi,Assis,15,3.5,4.0,1.0,1.0,56.0,,43.063162,12.587865,2016-03-04 11:57:13.207880
60,788373,4155297,Entire home/apt,Campello Sul Clitunno,Campello Sul Clitunn,0,,,3.0,2.0,202.0,1.0,42.83728,12.762974,2016-03-04 11:36:53.576786
61,818969,4306727,Private room,San Venanzo,San Venanz,10,5.0,16.0,1.0,,42.0,1.0,42.869271,12.303511,2016-03-04 11:58:11.075927
62,853089,4454056,Entire home/apt,Montefalco,Montefalc,0,,,2.0,2.0,95.0,3.0,42.912114,12.63435,2016-03-04 11:51:18.481471
63,870753,4589362,Private room,Perugia,Perugi,1,5.0,,1.0,2.0,78.0,1.0,42.895227,12.502248,2016-03-04 12:11:39.572432
64,871658,4595668,Private room,Todi,Tod,1,5.0,3.0,1.0,1.0,90.0,1.0,42.738822,12.467812,2016-03-04 11:33:58.670639
65,872316,4601824,Entire home/apt,Spoleto,Spolet,1,5.0,4.0,1.0,1.0,123.0,2.0,42.78717,12.771551,2016-03-04 12:15:28.231908
66,873099,4601824,Entire home/apt,Spoleto,Spolet,0,,4.0,1.0,1.0,123.0,2.0,42.787593,12.77279,2016-03-04 12:15:06.620321
67,874580,4586005,Private room,Stroncone,Stroncon,0,,3.0,1.0,1.0,62.0,2.0,42.504326,12.657889,2016-03-04 11:42:55.411823
68,894496,4762267,Shared room,Castel Ritaldi,Castel Ritald,0,,4.0,1.0,,90.0,1.0,42.821803,12.670712,2016-03-04 11:58:52.254031
69,895560,4772199,Private room,Spoleto,Spolet,11,5.0,2.0,1.0,1.0,73.0,1.0,42.736961,12.736607,2016-03-04 12:07:48.768725
70,905682,4595668,Private room,Todi,Tod,0,,2.0,1.0,1.0,77.0,1.0,42.737664,12.468869,2016-03-04 12:15:18.490554
71,907917,4806048,Private room,Bettona,Betton,3,5.0,,1.0,1.0,28.0,1.0,43.007352,12.487939,2016-03-04 12:05:09.407302
72,916085,4917369,Entire home/apt,Castel Ritaldi,Castel Ritald,1,4.0,4.0,2.0,1.0,39.0,1.0,42.822412,12.672926,2016-03-04 11:51:48.071749
73,916132,4917369,Entire home/apt,Castel Ritaldi,Castel Ritald,1,4.0,2.0,1.0,,39.0,1.0,42.819462,12.681642,2016-03-04 11:56:05.087439
74,922641,4961266,Entire home/apt,Stroncone,Stroncon,0,,4.0,2.0,3.0,79.0,3.0,42.504969,12.655634,2016-03-04 11:33:14.162022
75,922661,4961266,Private room,Stroncone,Stroncon,0,,3.0,1.0,1.0,45.0,2.0,42.50409,12.657749,2016-03-04 12:07:00.925620
76,938993,5071975,Private room,Assisi,Assis,3,5.0,4.0,1.0,3.0,78.0,2.0,43.05669,12.619862,2016-03-04 11:40:52.647741
77,942757,5098199,Private room,Foligno,Folign,3,5.0,2.0,1.0,1.0,111.0,1.0,42.953,12.711378,2016-03-04 11:32:42.521438
78,952380,4126042,Entire home/apt,Spoleto,Spolet,5,5.0,4.0,2.0,1.0,111.0,2.0,42.737351,12.735713,2016-03-04 11:36:56.943389
79,952588,4126042,Entire home/apt,Spoleto,Spolet,4,5.0,2.0,1.0,1.0,95.0,2.0,42.735159,12.737031,2016-03-04 11:59:48.368165
80,954483,4126042,Entire home/apt,Spoleto,Spolet,4,5.0,4.0,2.0,1.0,111.0,2.0,42.737133,12.735702,2016-03-04 12:08:04.429901
81,958771,5217637,Entire home/apt,Castel Ritaldi,Castel Ritald,0,,4.0,2.0,2.0,101.0,2.0,42.838914,12.696989,2016-03-04 12:10:39.353551
82,960990,5110250,Private room,Spoleto,Spolet,0,,2.0,1.0,,90.0,1.0,42.810822,12.72648,2016-03-04 11:41:19.321574
83,993178,1549968,Private room,Bevagna,Bevagn,0,,4.0,1.0,,78.0,1.0,42.93704,12.610175,2016-03-04 11:46:40.197124
84,996200,19498986,Private room,Terni,Tern,0,,3.0,1.0,1.0,78.0,2.0,42.586497,12.691718,2016-03-04 12:20:43.816221
85,996222,19498986,Private room,Terni,Tern,0,,5.0,1.0,1.0,135.0,2.0,42.587505,12.689986,2016-03-04 11:31:12.224236
86,997597,441539,Entire home/apt,Trevi,Trev,44,4.5,2.0,1.0,1.0,32.0,2.0,42.876406,12.746138,2016-03-04 11:48:25.566158
87,999556,5494784,Entire home/apt,Spoleto,Spolet,8,5.0,,6.0,3.0,560.0,2.0,42.719409,12.720859,2016-03-04 12:03:58.834997
88,1006721,5537250,Private room,Montefalco,Montefalc,0,,,1.0,3.0,84.0,2.0,42.880043,12.629691,2016-03-04 12:06:10.630152
89,1013087,19498986,Private room,Terni,Tern,0,,,1.0,2.0,169.0,2.0,42.587104,12.689747,2016-03-04 12:02:03.124102
90,1019825,5494784,Entire home/apt,Spoleto,Spolet,3,4.5,2.0,1.0,1.0,112.0,2.0,42.719182,12.722197,2016-03-04 11:48:48.583475
91,1031123,5494784,Entire home/apt,Spoleto,Spolet,0,,4.0,2.0,2.0,202.0,2.0,42.718166,12.722226,2016-03-04 11:41:48.979870
92,1069516,5884337,Private room,Province of Perugia,Province of Perugi,32,5.0,,1.0,3.0,28.0,1.0,42.886944,12.397998,2016-03-04 11:41:12.754598
93,1070182,515326,Private room,Assisi,Assis,0,,4.0,1.0,1.0,73.0,1.0,43.07042,12.61623,2016-03-04 11:37:30.762307
94,1094483,6013095,Private room,Amelia,Ameli,5,4.5,,1.0,2.0,29.0,1.0,42.528986,12.357543,2016-03-04 12:14:40.527054
95,1111394,3959727,Private room,Terni,Tern,0,,5.0,1.0,1.0,112.0,1.0,42.539424,12.628704,2016-03-04 11:54:33.003899
96,1114545,6116919,Entire home/apt,Stroncone,Stroncon,1,4.5,5.0,2.0,1.0,67.0,1.0,42.506334,12.657456,2016-03-04 11:36:21.891898
97,1120008,6145247,Entire home/apt,Spoleto,Spolet,0,,2.0,1.0,1.0,106.0,2.0,42.737304,12.752375,2016-03-04 11:40:13.451951
98,1164686,5012961,Private room,Spoleto,Spolet,0,,2.0,1.0,1.0,112.0,2.0,42.743696,12.753717,2016-03-04 12:10:04.438509
99,1216605,6638853,Private room,Narni,Narn,0,,2.0,1.0,,88.0,1.0,42.426649,12.504732,2016-03-04 11:33:51.933615
100,1228221,6699497,Private room,Todi,Tod,2,5.0,,1.0,,106.0,1.0,42.777886,12.405394,2016-03-04 11:47:58.952154
101,1242276,1504047,Private room,Massa Martana,Massa Martan,1,4.0,4.0,1.0,1.0,67.0,2.0,42.727356,12.542361,2016-03-04 11:37:18.948396
102,1247662,4312923,Entire home/apt,Spoleto,Spolet,0,,,3.0,1.0,101.0,2.0,42.749947,12.731845,2016-03-04 12:11:00.906795
103,1260038,22058347,Entire home/apt,Spoleto,Spolet,1,5.0,,1.0,2.0,112.0,3.0,42.734799,12.73635,2016-03-04 12:15:41.367899
104,1274318,813688,Private room,Amelia,Ameli,1,5.0,2.0,1.0,1.0,56.0,1.0,42.559667,12.411756,2016-03-04 11:30:52.225335
105,1322412,7177297,Private room,Assisi,Assis,2,4.5,2.0,1.0,1.0,78.0,1.0,43.045001,12.627694,2016-03-04 11:58:47.685451
106,1322416,7177297,Private room,Assisi,Assis,1,5.0,3.0,1.0,1.0,101.0,1.0,43.060806,12.623637,2016-03-04 12:04:27.495174
107,1367002,347050,Private room,Assisi,Assis,0,,2.0,1.0,1.0,135.0,2.0,43.06189,12.622949,2016-03-04 11:34:01.195176
108,1388745,624863,Entire home/apt,Spoleto,Spolet,10,5.0,2.0,1.0,1.0,84.0,3.0,42.779901,12.800233,2016-03-04 11:32:27.253210
109,1405495,7584319,Private room,Spoleto,Spolet,1,5.0,4.0,1.0,2.0,34.0,1.0,42.745211,12.660971,2016-03-04 12:11:42.922950
110,1406798,7584319,Entire home/apt,Spoleto,Spolet,1,,,2.0,2.0,28.0,1.0,42.743456,12.661818,2016-03-04 12:10:31.674406
111,1431024,7588784,Private room,Montefalco,Montefalc,3,5.0,2.0,1.0,1.0,67.0,1.0,42.84469,12.687338,2016-03-04 11:53:30.786835
112,1440446,5663806,Entire home/apt,Spoleto,Spolet,18,4.5,5.0,3.0,2.0,124.0,3.0,42.733743,12.738705,2016-03-04 12:11:34.131622
113,1448359,7773691,Entire home/apt,Spoleto,Spolet,6,4.5,2.0,1.0,1.0,67.0,2.0,42.736188,12.735597,2016-03-04 11:54:50.700538
114,1453923,7798381,Entire home/apt,Trevi,Trev,3,5.0,4.0,2.0,1.0,68.0,3.0,42.866545,12.749699,2016-03-04 12:05:20.534895
115,1466698,7856365,Entire home/apt,Foligno,Folign,2,3.5,,2.0,1.0,34.0,1.0,42.95671,12.704705,2016-03-04 12:12:58.624089
116,1473879,7773691,Entire home/apt,Spoleto,Spolet,13,5.0,2.0,0.0,1.0,67.0,2.0,42.734851,12.736973,2016-03-04 11:36:32.963768
117,1482282,2888639,Private room,Bastia Umbra,Bastia Umbr,2,4.0,4.0,1.0,1.0,52.0,1.0,43.076102,12.560342,2016-03-04 11:41:56.185001
118,1491537,7973887,Private room,Assisi,Assis,37,4.5,2.0,1.0,1.0,48.0,1.0,43.077726,12.595253,2016-03-04 11:40:08.997314
119,1495666,7994613,Entire home/apt,Spoleto,Spolet,0,,,7.0,5.0,256.0,3.0,42.737458,12.768729,2016-03-04 11:34:44.794038
120,1559318,5110250,Private room,Spoleto,Spolet,0,,2.0,1.0,1.0,84.0,1.0,42.808815,12.725803,2016-03-04 11:30:04.716285
121,1559499,8212665,Entire home/apt,Spoleto,Spolet,3,4.5,2.0,1.0,1.0,135.0,,42.720431,12.718616,2016-03-04 11:49:54.341098
122,1573132,5217637,Entire home/apt,Castel Ritaldi,Castel Ritald,0,,2.0,1.0,1.0,54.0,2.0,42.838731,12.698719,2016-03-04 11:56:55.747036
123,1573191,5217637,Entire home/apt,Castel Ritaldi,Castel Ritald,0,,,3.0,2.0,179.0,2.0,42.839316,12.697249,2016-03-04 11:34:36.090563
124,1573879,8212665,Entire home/apt,Spoleto,Spolet,0,,4.0,2.0,3.0,146.0,,42.718804,12.718439,2016-03-04 11:55:34.230945
125,1592819,8490131,Private room,Assisi,Assis,1,5.0,4.0,1.0,1.0,47.0,1.0,43.04675,12.652233,2016-03-04 11:59:00.026573
126,1596358,8323246,Private room,Stroncone,Stroncon,0,,4.0,1.0,2.0,78.0,1.0,42.500783,12.664717,2016-03-04 11:57:29.905857
127,1599620,8527223,Entire home/apt,Spoleto,Spolet,0,,5.0,2.0,1.0,56.0,1.0,42.809799,12.627054,2016-03-04 12:05:55.800042
128,1631992,6445975,Private room,Bastia Umbra,Bastia Umbr,1,5.0,4.0,1.0,1.0,52.0,1.0,43.074811,12.561507,2016-03-04 11:57:38.127182
129,1634988,8684570,Private room,Ferentillo,Ferentill,1,5.0,,1.0,1.0,78.0,2.0,42.615602,12.776857,2016-03-04 11:56:41.804891
130,1679338,7584319,Entire home/apt,spoleto,spolet,0,,,2.0,2.0,259.0,1.0,42.746043,12.661296,2016-03-04 11:37:39.015358
131,1715959,3959727,Private room,Terni,Tern,0,,2.0,1.0,1.0,44.0,1.0,42.541196,12.628638,2016-03-04 12:09:13.335164
132,1716003,3959727,Private room,Terni,Tern,0,,3.0,1.0,1.0,78.0,1.0,42.541275,12.628923,2016-03-04 11:39:31.807843
133,1743594,9178881,Private room,Perugia,Perugi,6,4.0,,1.0,2.0,28.0,1.0,43.046781,12.630626,2016-03-04 11:51:38.637054
134,1775741,9324631,Entire home/apt,Foligno,Folign,19,5.0,,3.0,3.0,39.0,1.0,42.956534,12.702243,2016-03-04 12:18:56.208400
135,1776601,9328020,Private room,Stroncone,Stroncon,0,,,1.0,5.0,45.0,3.0,42.500254,12.663903,2016-03-04 12:17:26.793753
136,1800271,9439538,Private room,Assisi,Assis,0,,2.0,1.0,1.0,73.0,1.0,43.074119,12.609314,2016-03-04 12:03:47.741404
137,1816184,9439538,Private room,Assisi,Assis,0,,2.0,1.0,1.0,67.0,1.0,43.07402,12.608677,2016-03-04 11:43:30.600901
138,1828935,3959727,Private room,Terni,Tern,0,,2.0,1.0,1.0,78.0,2.0,42.539313,12.628638,2016-03-04 11:55:53.459719
139,1839288,9463468,Entire home/apt,Spoleto,Spolet,0,,4.0,2.0,1.0,135.0,4.0,42.743779,12.732108,2016-03-04 11:45:51.987568
140,1926801,9332992,Private room,Massa Martana,Massa Martan,0,,4.0,1.0,1.0,56.0,4.0,42.726442,12.543706,2016-03-04 11:54:42.659574
141,1994681,7773691,Entire home/apt,Spoleto,Spolet,6,4.5,2.0,1.0,1.0,67.0,2.0,42.735136,12.735641,2016-03-04 11:52:04.654445
142,2002580,6145247,Entire home/apt,Spoleto,Spolet,5,4.0,2.0,1.0,1.0,88.0,7.0,42.73659,12.753525,2016-03-04 11:53:12.364201
143,2035848,10447855,Entire home/apt,Spoleto,Spolet,1,5.0,4.0,1.0,1.0,101.0,5.0,42.733219,12.739218,2016-03-04 12:08:47.037199
144,2089977,10667806,Entire home/apt,Stroncone,Stroncon,0,,,2.0,1.0,90.0,2.0,42.497433,12.663144,2016-03-04 11:33:27.640044
145,2090723,10670576,Entire home/apt,Spoleto,Spolet,1,4.0,4.0,1.0,1.0,78.0,3.0,42.73127,12.736482,2016-03-04 12:04:01.691382
146,2137817,4410497,Entire home/apt,Spoleto,Spolet,0,,4.0,2.0,3.0,56.0,5.0,42.744406,12.710263,2016-03-04 11:39:38.928860
147,2138748,7844440,Private room,Bevagna,Bevagn,1,4.0,3.0,1.0,1.0,78.0,1.0,42.933875,12.610296,2016-03-04 12:11:15.315339
148,2179807,7773691,Entire home/apt,Spoleto,Spolet,1,5.0,,2.0,1.0,91.0,3.0,42.738345,12.734935,2016-03-04 11:31:36.607972
149,2197141,11206722,Private room,Bettona,Betton,0,,4.0,1.0,1.0,78.0,1.0,43.013424,12.485193,2016-03-04 12:17:06.662541
150,2205469,10689916,Private room,Todi,Tod,1,4.5,,1.0,1.0,67.0,2.0,42.780334,12.4063,2016-03-04 11:43:03.749041
151,2216544,11306797,Private room,Stroncone,Stroncon,27,5.0,2.0,1.0,1.0,24.0,1.0,42.513611,12.649768,2016-03-04 11:36:14.881017
152,2253096,11506755,Private room,Spoleto,Spolet,1,5.0,3.0,1.0,1.0,78.0,2.0,42.741523,12.760269,2016-03-04 11:49:11.210751
153,2272758,4589362,Private room,Gualdo Cattaneo,Gualdo Cattane,0,,2.0,1.0,1.0,78.0,1.0,42.896345,12.502134,2016-03-04 11:37:36.601127
154,2288576,11506755,Entire home/apt,Spoleto,Spolet,8,5.0,,3.0,1.0,72.0,3.0,42.741414,12.76185,2016-03-04 11:53:00.604565
155,2305871,11506755,Entire home/apt,Spoleto,Spolet,2,5.0,5.0,2.0,2.0,72.0,3.0,42.742422,12.760241,2016-03-04 11:52:28.445804
156,2305878,7973887,Private room,Assisi,Assis,10,4.5,2.0,1.0,1.0,46.0,1.0,43.076543,12.596191,2016-03-04 11:30:44.356130
157,2329836,8513333,Entire home/apt,Spoleto,Spolet,1,5.0,,3.0,2.0,94.0,7.0,42.736941,12.736775,2016-03-04 12:02:17.988279
158,2342016,2956084,Private room,Assisi,Assis,0,,2.0,1.0,1.0,67.0,1.0,43.066458,12.597381,2016-03-04 11:30:19.966581
159,2342307,2956084,Private room,Assisi,Assis,5,5.0,2.0,1.0,1.0,56.0,1.0,43.066374,12.599727,2016-03-04 12:05:38.027406
160,2356270,12032344,Entire home/apt,Trevi,Trev,8,4.0,,4.0,2.0,67.0,1.0,42.867099,12.748475,2016-03-04 11:50:59.838685
161,2370267,11433822,Entire home/apt,Spoleto,Spolet,0,,3.0,1.0,1.0,29.0,1.0,42.768213,12.717413,2016-03-04 12:00:25.155542
162,2397361,8212665,Entire home/apt,Spoleto,Spolet,0,,4.0,2.0,1.0,163.0,,42.71807,12.7178,2016-03-04 12:15:44.350287
163,2399933,12263468,Private room,Ceselli,Cesell,5,5.0,1.0,1.0,1.0,14.0,1.0,42.685184,12.821233,2016-03-04 12:11:06.913623
164,2452811,12541589,Entire home/apt,Spoleto,Spolet,1,3.0,,3.0,3.0,135.0,3.0,42.743719,12.731602,2016-03-04 12:08:16.694675
165,2487785,12731175,Private room,Foligno,Folign,1,5.0,4.0,1.0,1.0,39.0,1.0,42.947906,12.683643,2016-03-04 12:20:31.816393
166,2500336,8263706,Entire home/apt,Spoleto,Spolet,8,4.0,4.0,2.0,2.0,50.0,2.0,42.756392,12.718663,2016-03-04 11:52:56.185788
167,2522222,5012961,Entire home/apt,Spoleto,Spolet,0,,,4.0,3.0,392.0,7.0,42.739778,12.779365,2016-03-04 11:36:50.572221
168,2558861,6013095,Private room,Amelia,Ameli,1,5.0,2.0,1.0,1.0,34.0,1.0,42.515137,12.358736,2016-03-04 11:41:22.854153
169,2562642,13119983,Private room,Ferentillo,Ferentill,1,5.0,,1.0,4.0,67.0,1.0,42.619759,12.794243,2016-03-04 11:47:36.266869
170,2635290,3289361,Entire home/apt,Spoleto,Spolet,2,4.5,,3.0,2.0,123.0,3.0,42.730595,12.740656,2016-03-04 11:59:32.703897
171,2652068,13355168,Private room,Assisi,Assis,0,,2.0,1.0,1.0,77.0,1.0,43.02723,12.664436,2016-03-04 11:30:01.247875
172,2656126,1838927,Entire home/apt,Spoleto,Spolet,2,4.0,,5.0,,385.0,7.0,42.787492,12.728993,2016-03-04 12:13:46.779119
173,2664340,13565057,Entire home/apt,Spoleto,Spolet,7,5.0,3.0,1.0,1.0,73.0,2.0,42.726297,12.726343,2016-03-04 12:16:19.919463
174,2744132,14038984,Private room,Assisi,Assis,28,5.0,2.0,1.0,0.0,61.0,1.0,43.066972,12.623137,2016-03-04 12:09:52.873497
175,2761811,1225316,Private room,Spoleto,Spolet,0,,,1.0,5.0,67.0,1.0,42.732721,12.731757,2016-03-04 12:07:44.291945
176,2774363,4312923,Entire home/apt,Spoleto,Spolet,0,,4.0,2.0,1.0,134.0,5.0,42.770849,12.7053,2016-03-04 12:19:59.723648
177,2782999,14234513,Entire home/apt,Castel Ritaldi,Castel Ritald,0,,,6.0,4.0,191.0,4.0,42.824708,12.643086,2016-03-04 11:35:30.286475
178,2789424,14038984,Private room,Assisi,Assis,13,5.0,2.0,1.0,0.0,61.0,1.0,43.06681,12.623804,2016-03-04 11:45:37.315430
179,2794021,7489250,Private room,Todi,Tod,15,5.0,4.0,1.0,1.0,27.0,1.0,42.844231,12.423897,2016-03-04 11:34:22.206708
180,2794147,7489250,Private room,todi,tod,10,4.5,,1.0,2.0,27.0,1.0,42.843662,12.421683,2016-03-04 12:05:28.069950
181,2814990,14321388,Entire home/apt,Trevi,Trev,2,4.0,,2.0,2.0,134.0,3.0,42.871096,12.777156,2016-03-04 12:09:39.729520
182,2819869,14426078,Entire home/apt,Stroncone,Stroncon,0,,3.0,1.0,1.0,62.0,1.0,42.498949,12.666757,2016-03-04 12:12:04.646122
183,2834971,14500768,Private room,Spello,Spell,0,,2.0,1.0,1.0,62.0,1.0,42.9946,12.669654,2016-03-04 11:35:10.975666
184,2838685,4601824,Entire home/apt,Spoleto,Spolet,0,,4.0,1.0,1.0,123.0,2.0,42.786922,12.773148,2016-03-04 12:08:38.877925
185,2849972,14574953,Entire home/apt,Campello sul Clitunno,Campello sul Clitunn,0,,5.0,2.0,1.0,84.0,3.0,42.830421,12.78546,2016-03-04 11:38:27.442516
186,2865674,814656,Private room,Spello,Spell,0,,2.0,1.0,1.0,47.0,1.0,42.985216,12.666328,2016-03-04 11:48:32.343111
187,2880918,14723448,Private room,Foligno,Folign,1,5.0,3.0,1.0,1.0,54.0,1.0,42.954125,12.703576,2016-03-04 12:19:14.849159
188,2886016,14749478,Entire home/apt,Montefalco,Montefalc,0,,,4.0,,247.0,3.0,42.825972,12.624904,2016-03-04 12:01:45.485520
189,2902437,14831756,Private room,Foligno,Folign,22,5.0,2.0,1.0,1.0,26.0,2.0,42.963939,12.697537,2016-03-04 11:30:32.126337
190,2928522,483330,Entire home/apt,Spoleto,Spolet,12,4.5,,8.0,4.0,89.0,1.0,42.776412,12.700834,2016-03-04 11:43:53.370222
191,2936930,8513333,Entire home/apt,Spoleto,Spolet,1,4.0,3.0,2.0,1.0,64.0,7.0,42.737271,12.734781,2016-03-04 12:09:26.872941
192,2937016,14998242,Entire home/apt,Spoleto,Spolet,0,,,4.0,3.0,157.0,3.0,42.695307,12.614255,2016-03-04 11:55:08.993201
193,2951541,3946186,Private room,Massa Martana,Massa Martan,0,,2.0,1.0,1.0,90.0,1.0,42.748365,12.5527,2016-03-04 11:36:18.493671
194,2971042,11506755,Entire home/apt,Spoleto,Spolet,4,5.0,4.0,2.0,2.0,61.0,3.0,42.743222,12.760877,2016-03-04 12:14:53.336894
195,2982679,4126042,Entire home/apt,Spoleto,Spolet,5,4.5,,4.0,3.0,180.0,5.0,42.794385,12.657886,2016-03-04 12:05:53.003662
196,3038906,7489250,Private room,todi,tod,8,5.0,2.0,1.0,1.0,27.0,1.0,42.846859,12.423909,2016-03-04 11:55:40.903889
197,3079784,15644917,Entire home/apt,Trevi,Trev,0,,4.0,2.0,1.0,56.0,2.0,42.86552,12.75114,2016-03-04 12:14:36.038240
198,3121880,834303,Entire home/apt,Spoleto,Spolet,4,4.5,5.0,1.0,1.0,34.0,3.0,42.722613,12.619508,2016-03-04 12:11:49.602092
199,3125785,8212665,Entire home/apt,Spoleto,Spolet,2,5.0,4.0,0.0,1.0,129.0,,42.723367,12.725708,2016-03-04 11:34:10.176228
200,3129167,15891521,Entire home/apt,Spoleto,Spolet,0,,4.0,1.0,1.0,68.0,3.0,42.809916,12.787789,2016-03-04 12:15:49.105024
201,3132410,15905970,Private room,Spello,Spell,0,,2.0,1.0,1.0,68.0,3.0,42.995521,12.671204,2016-03-04 12:16:48.013682
202,3169226,11206722,Private room,Bettona,Betton,0,,2.0,1.0,1.0,45.0,1.0,43.014059,12.484146,2016-03-04 11:43:00.660386
203,3178891,2745560,Private room,Ferentillo,Ferentill,0,,2.0,1.0,1.0,65.0,1.0,42.629937,12.780402,2016-03-04 11:55:12.288968
204,3220901,673792,Entire home/apt,Spoleto,Spolet,1,5.0,2.0,3.0,1.0,124.0,3.0,42.703381,12.607972,2016-03-04 12:11:30.133084
205,3238914,7588784,Private room,montefalco,montefalc,0,,2.0,1.0,1.0,67.0,1.0,42.846151,12.686391,2016-03-04 11:34:06.879897
206,3276403,1678272,Entire home/apt,Spoleto,Spolet,0,,4.0,2.0,2.0,358.0,3.0,42.810363,12.785409,2016-03-04 11:48:55.804671
207,3284282,5012961,Entire home/apt,Spoleto,Spolet,0,,,3.0,3.0,337.0,7.0,42.726612,12.698202,2016-03-04 12:08:11.447866
208,3287760,5012961,Entire home/apt,Spoleto,Spolet,1,5.0,4.0,1.0,2.0,168.0,7.0,42.724498,12.699896,2016-03-04 11:51:25.958755
209,3308623,16706894,Entire home/apt,Spoleto,Spolet,1,5.0,,3.0,2.0,168.0,1.0,42.736732,12.738915,2016-03-04 11:37:41.955757
210,3309088,1033599,Private room,Assisi,Assis,0,,,1.0,2.0,67.0,1.0,43.02238,12.646753,2016-03-04 11:29:49.184105
211,3310700,16717223,Private room,Norcia,Norci,16,4.5,3.0,1.0,1.0,62.0,1.0,42.792364,13.095189,2016-03-04 12:19:09.160317
212,3310789,16717602,Entire home/apt,Spoleto,Spolet,11,5.0,,2.0,2.0,55.0,1.0,42.737404,12.737809,2016-03-04 12:02:07.280615
213,3329068,2876192,Entire home/apt,Montefalco,Montefalc,1,4.0,4.0,2.0,1.0,23.0,2.0,42.889787,12.649518,2016-03-04 11:53:54.702412
214,3345690,8513333,Entire home/apt,Spoleto,Spolet,1,4.0,5.0,2.0,1.0,112.0,7.0,42.738238,12.736034,2016-03-04 11:39:54.987286
215,3373895,17024289,Entire home/apt,Spoleto,Spolet,1,5.0,,2.0,2.0,158.0,3.0,42.665718,12.737159,2016-03-04 11:34:59.127979
216,3374961,17024289,Entire home/apt,Spoleto,Spolet,0,,4.0,2.0,3.0,158.0,3.0,42.653957,12.696901,2016-03-04 11:31:46.687272
217,3410194,14831756,Private room,foligno,folign,5,5.0,2.0,1.0,1.0,23.0,1.0,42.953813,12.702559,2016-03-04 11:56:52.134704
218,3418916,1246410,Entire home/apt,Spoleto,Spolet,0,,,10.0,8.0,1683.0,3.0,42.788737,12.69953,2016-03-04 12:15:55.753926
219,3426993,16408682,Private room,Foligno,Folign,11,4.5,4.0,1.0,2.0,56.0,1.0,42.951931,12.696975,2016-03-04 11:46:31.225355
220,3428568,17280772,Private room,Spoleto,Spolet,0,,1.0,1.0,1.0,56.0,1.0,42.732309,12.734889,2016-03-04 12:11:59.455364
221,3430994,17289947,Private room,Otricoli,Otricol,0,,5.0,1.0,1.0,50.0,2.0,42.441288,12.528366,2016-03-04 11:29:46.889838
222,3444649,17360241,Private room,Scheggino,Scheggin,0,,,1.0,3.0,101.0,1.0,42.712774,12.831307,2016-03-04 12:04:59.377690
223,3463375,17450293,Entire home/apt,Campello Sul Clitunno,Campello Sul Clitunn,0,,3.0,1.0,1.0,43.0,1.0,42.823539,12.764986,2016-03-04 11:46:22.846082
224,3464039,17280772,Private room,Spoleto,Spolet,0,,1.0,1.0,1.0,56.0,1.0,42.734323,12.735117,2016-03-04 12:10:42.606153
225,3466915,17453454,Entire home/apt,Campello Sul Clitunno,Campello Sul Clitunn,1,5.0,,3.0,3.0,169.0,3.0,42.828745,12.783998,2016-03-04 11:30:09.657146
226,3474942,14321388,Entire home/apt,Trevi,Trev,15,5.0,4.0,2.0,1.0,78.0,3.0,42.873105,12.780032,2016-03-04 11:34:33.122173
227,3481700,17537043,Entire home/apt,Spoleto,Spolet,3,4.5,4.0,2.0,2.0,185.0,4.0,42.631124,12.733685,2016-03-04 11:57:00.031886
228,3504429,14321388,Entire home/apt,Trevi,Trev,7,5.0,5.0,2.0,1.0,101.0,3.0,42.865848,12.753922,2016-03-04 11:41:16.445196
229,3528229,17763008,Entire home/apt,Montefalco,Montefalc,0,,3.0,2.0,1.0,67.0,1.0,42.895528,12.655614,2016-03-04 12:09:33.934018
230,3553002,17885061,Private room,Assisi,Assis,0,,2.0,1.0,1.0,56.0,1.0,43.087349,12.665221,2016-03-04 12:13:05.773099
231,3596870,906799,Private room,Assisi,Assis,3,4.5,2.0,1.0,1.0,66.0,1.0,43.070359,12.616828,2016-03-04 11:54:10.982712
232,3596977,906799,Private room,Assisi,Assis,4,5.0,2.0,1.0,1.0,66.0,1.0,43.070715,12.61635,2016-03-04 12:11:03.597180
233,3600598,18130463,Entire home/apt,Spoleto,Spolet,0,,,2.0,2.0,225.0,1.0,42.736026,12.738012,2016-03-04 12:20:36.367082
234,3656941,18527281,Entire home/apt,Montefalco,Montefalc,0,,2.0,4.0,1.0,78.0,1.0,42.882945,12.62595,2016-03-04 12:18:02.798532
235,3680012,15629046,Private room,Assisi,Assis,10,4.5,2.0,1.0,1.0,62.0,1.0,43.072548,12.615478,2016-03-04 11:50:54.869951
236,3691111,12032344,Entire home/apt,Trevi,Trev,4,4.5,,4.0,2.0,67.0,1.0,42.862948,12.754186,2016-03-04 12:06:24.450179
237,3699334,18852945,Entire home/apt,Spoleto,Spolet,0,,,2.0,2.0,112.0,,42.809779,12.784073,2016-03-04 11:38:12.516222
238,3707360,18909198,Private room,Bevagna,Bevagn,4,5.0,3.0,1.0,1.0,80.0,1.0,42.945016,12.577746,2016-03-04 12:20:48.294817
239,3738586,19111918,Private room,Todi,Tod,0,,3.0,1.0,1.0,67.0,1.0,42.850449,12.446097,2016-03-04 11:48:18.019032
240,3746283,19162729,Entire home/apt,Montefalco,Montefalc,5,5.0,,2.0,3.0,319.0,3.0,42.888942,12.670434,2016-03-04 12:00:04.382625
241,3784819,814740,Private room,Spello,Spell,2,4.0,2.0,1.0,1.0,67.0,2.0,42.989551,12.671923,2016-03-04 12:06:40.130576
242,3794670,834303,Entire home/apt,Spoleto,Spolet,5,4.5,2.0,1.0,1.0,31.0,3.0,42.724303,12.621824,2016-03-04 11:37:07.312706
243,3808261,18195922,Entire home/apt,Spoleto,Spolet,0,,5.0,3.0,3.0,135.0,4.0,42.809581,12.787364,2016-03-04 12:17:17.081827
244,3824536,19675778,Entire home/apt,Montefalco,Montefalc,4,5.0,4.0,1.0,1.0,101.0,3.0,42.893622,12.650503,2016-03-04 11:57:53.268989
245,3825282,19675778,Entire home/apt,Montefalco,Montefalc,2,5.0,4.0,2.0,2.0,135.0,3.0,42.893109,12.650436,2016-03-04 11:57:56.845962
246,3889253,20120559,Entire home/apt,Stroncone,Stroncon,2,4.5,,2.0,1.0,78.0,1.0,42.49008,12.660205,2016-03-04 11:36:09.180215
247,3896864,14723448,Private room,Foligno,Folign,3,4.5,2.0,1.0,1.0,39.0,1.0,42.955305,12.703309,2016-03-04 11:59:29.059469
248,3897154,14723448,Private room,Foligno,Folign,1,5.0,2.0,1.0,1.0,43.0,1.0,42.955904,12.705006,2016-03-04 12:04:31.399585
249,3897322,14723448,Private room,Foligno,Folign,0,,2.0,1.0,1.0,35.0,1.0,42.955312,12.703946,2016-03-04 11:58:06.847346
250,3897377,14723448,Private room,Foligno,Folign,1,5.0,3.0,1.0,1.0,54.0,1.0,42.95452,12.703505,2016-03-04 12:14:57.225317
251,3903715,1259720,Entire home/apt,Spoleto,Spolet,0,,,4.0,3.0,203.0,3.0,42.801948,12.694921,2016-03-04 11:43:11.478176
252,3964447,17537043,Entire home/apt,Spoleto,Spolet,3,5.0,5.0,2.0,3.0,185.0,4.0,42.631781,12.732707,2016-03-04 12:14:59.725692
253,3964793,16624164,Entire home/apt,Spoleto,Spolet,1,4.0,4.0,2.0,2.0,314.0,2.0,42.732864,12.735952,2016-03-04 11:47:25.055248
254,3993325,20700465,Entire home/apt,Spoleto,Spolet,0,,,5.0,5.0,280.0,1.0,42.769738,12.670566,2016-03-04 12:10:15.248347
255,3997309,20723266,Shared room,Bettona,Betton,2,4.0,3.0,1.0,,28.0,1.0,42.997183,12.502441,2016-03-04 12:15:11.451602
256,3997932,20723266,Shared room,Bettona,Betton,1,5.0,3.0,1.0,,28.0,1.0,42.994962,12.502403,2016-03-04 11:30:37.435248
257,4008854,483330,Entire home/apt,Spoleto,Spolet,1,5.0,,4.0,2.0,90.0,1.0,42.775775,12.7011,2016-03-04 11:35:14.796418
258,4020681,1581414,Entire home/apt,Trevi,Trev,4,5.0,,4.0,,56.0,2.0,42.87698,12.74335,2016-03-04 11:35:52.275978
259,4043651,20966873,Private room,Trevi,Trev,1,5.0,2.0,1.0,1.0,83.0,3.0,42.874131,12.751181,2016-03-04 12:08:27.040258
260,4062544,17537043,Entire home/apt,Spoleto,Spolet,1,4.0,,2.0,2.0,225.0,4.0,42.630409,12.734215,2016-03-04 12:15:52.533556
261,4083269,20700465,Private room,Spoleto,Spolet,0,,2.0,1.0,1.0,62.0,1.0,42.768476,12.670913,2016-03-04 12:12:54.205391
262,4083767,4772199,Entire home/apt,Spoleto,Spolet,0,,4.0,2.0,2.0,135.0,1.0,42.737512,12.73456,2016-03-04 11:49:00.021526
263,4133696,21444565,Private room,Bastia Umbra,Bastia Umbr,0,,2.0,1.0,1.0,67.0,1.0,43.072311,12.557936,2016-03-04 12:12:20.940732
264,4134029,21444565,Private room,Bastia Umbra,Bastia Umbr,0,,2.0,1.0,1.0,67.0,1.0,43.072927,12.557805,2016-03-04 11:30:27.985729
265,4134785,21430906,Private room,Santa Maria degli Angeli,Santa Maria degli Angel,20,4.5,2.0,1.0,1.0,34.0,1.0,43.059237,12.574616,2016-03-04 11:38:05.931327
266,4241404,22008214,Entire home/apt,Spoleto,Spolet,0,,2.0,1.0,1.0,78.0,1.0,42.721245,12.634939,2016-03-04 11:54:06.302563
267,4245793,22008214,Entire home/apt,Spoleto,Spolet,3,4.5,4.0,1.0,1.0,78.0,2.0,42.721704,12.633969,2016-03-04 12:07:30.039929
268,4246534,22037018,Private room,Foligno,Folign,0,,2.0,1.0,2.0,29.0,1.0,42.961673,12.698206,2016-03-04 12:03:29.886806
269,4309196,20295079,Private room,Spoleto,Spolet,0,,2.0,1.0,1.0,101.0,1.0,42.729989,12.73429,2016-03-04 11:52:34.678598
270,4327710,22472087,Private room,Todi,Tod,1,4.0,2.0,1.0,1.0,90.0,1.0,42.797106,12.42495,2016-03-04 12:00:46.450858
271,4359663,8513333,Entire home/apt,Spoleto,Spolet,0,,4.0,2.0,1.0,75.0,7.0,42.738848,12.736622,2016-03-04 11:35:05.157492
272,4359834,8513333,Entire home/apt,Spoleto,Spolet,0,,,3.0,2.0,136.0,7.0,42.734576,12.739841,2016-03-04 11:47:29.463924
273,4359910,8513333,Entire home/apt,Spoleto,Spolet,0,,,2.0,2.0,121.0,7.0,42.734393,12.736259,2016-03-04 12:19:51.060545
274,4368773,5663367,Private room,Gualdo Cattaneo,Gualdo Cattane,0,,2.0,1.0,1.0,87.0,1.0,42.956894,12.500144,2016-03-04 12:07:21.074486
275,4399726,22840099,Entire home/apt,Vallo di nera,Vallo di ner,0,,5.0,2.0,2.0,112.0,3.0,42.772658,12.857423,2016-03-04 11:32:31.351876
276,4407309,22877760,Private room,Spoleto,Spolet,1,3.0,2.0,1.0,1.0,56.0,1.0,42.75499,12.757893,2016-03-04 11:37:15.924168
277,4410129,5847962,Entire home/apt,Spoleto,Spolet,0,,4.0,1.0,1.0,203.0,3.0,42.73444,12.73309,2016-03-04 11:41:29.328001
278,4413516,9813010,Entire home/apt,Spoleto,Spolet,0,,4.0,1.0,1.0,68.0,3.0,42.748755,12.731391,2016-03-04 11:43:55.936725
279,4413811,22911476,Entire home/apt,Campello sul Clitunno,Campello sul Clitunn,1,4.0,,3.0,1.0,96.0,6.0,42.828191,12.780043,2016-03-04 11:40:36.587381
280,4416083,22921988,Entire home/apt,Spoleto,Spolet,2,4.5,4.0,1.0,1.0,110.0,1.0,42.730198,12.722787,2016-03-04 12:17:42.751660
281,4433618,10832739,Entire home/apt,Campello Sul Clitunno,Campello Sul Clitunn,12,5.0,3.0,1.0,1.0,34.0,1.0,42.843378,12.763044,2016-03-04 11:50:25.561624
282,4468661,7516028,Private room,Assisi,Assis,0,,2.0,1.0,1.0,67.0,1.0,43.066831,12.599315,2016-03-04 11:43:25.960160
283,4469276,10805452,Private room,Todi,Tod,0,,4.0,1.0,2.0,168.0,1.0,42.746677,12.484151,2016-03-04 12:18:27.540257
284,4493630,23298974,Private room,Todi,Tod,0,,2.0,1.0,1.0,90.0,1.0,42.73716,12.468209,2016-03-04 11:57:42.035649
285,4516868,18182249,Private room,Terni,Tern,0,,4.0,1.0,1.0,45.0,1.0,42.56178,12.654795,2016-03-04 11:47:51.971127
286,4556076,23618686,Private room,Stroncone,Stroncon,0,,2.0,1.0,1.0,28.0,1.0,42.493226,12.66037,2016-03-04 11:59:03.343588
287,4586624,10805452,Private room,Todi,Tod,0,,2.0,1.0,1.0,90.0,1.0,42.745878,12.48537,2016-03-04 12:07:41.361543
288,4591572,10805452,Private room,Todi,Tod,0,,2.0,1.0,1.0,115.0,1.0,42.747146,12.486394,2016-03-04 12:06:52.380440
289,4591706,10805452,Private room,Todi,Tod,0,,3.0,1.0,1.0,140.0,1.0,42.745679,12.48473,2016-03-04 11:53:27.832403
290,4609156,23883164,Entire home/apt,Spoleto,Spolet,1,,3.0,1.0,1.0,78.0,1.0,42.773802,12.786809,2016-03-04 12:11:18.841468
291,4673380,24140725,Private room,Montefalco,Montefalc,7,4.0,,1.0,8.0,39.0,1.0,42.892329,12.688724,2016-03-04 12:09:55.953233
292,4678903,12992470,Private room,Terni,Tern,0,,,1.0,2.0,73.0,1.0,42.583284,12.658457,2016-03-04 11:54:14.131234
293,4705731,24312435,Private room,Giano Dell'umbria,Giano Dell'umbri,0,,2.0,1.0,1.0,62.0,1.0,42.852318,12.562397,2016-03-04 12:16:02.130063
294,4705797,24312435,Private room,Giano Dell'umbria,Giano Dell'umbri,0,,2.0,1.0,1.0,62.0,1.0,42.85174,12.56521,2016-03-04 12:04:49.874425
295,4716698,5522013,Entire home/apt,Spoleto,Spolet,0,,,3.0,3.0,162.0,3.0,42.781715,12.772313,2016-03-04 12:11:26.592632
296,4733656,24441119,Private room,Todi,Tod,0,,2.0,1.0,1.0,112.0,3.0,42.782196,12.407542,2016-03-04 12:04:13.515136
297,4779874,24441119,Private room,Todi,Tod,0,,2.0,1.0,1.0,111.0,3.0,42.781917,12.488957,2016-03-04 12:02:27.348484
298,4781770,24258776,Private room,Assisi,Assis,0,,2.0,1.0,1.0,66.0,3.0,43.069596,12.616818,2016-03-04 12:04:24.024609
299,4793635,24704589,Entire home/apt,Spoleto,Spolet,0,,5.0,2.0,1.0,79.0,2.0,42.739183,12.737362,2016-03-04 11:34:25.811068
300,4811548,15629046,Private room,Assisi,Assis,3,4.5,2.0,1.0,1.0,62.0,1.0,43.070349,12.616115,2016-03-04 12:15:15.556017
301,4817519,15629046,Private room,Assisi,Assis,2,4.5,2.0,1.0,1.0,78.0,1.0,43.070706,12.614788,2016-03-04 11:37:26.571568
302,4879991,25104540,Private room,Todi,Tod,3,5.0,2.0,1.0,1.0,90.0,1.0,42.78151,12.407808,2016-03-04 12:10:50.683275
303,4890347,25123974,Private room,Assisi,Assis,2,4.0,3.0,1.0,1.0,67.0,1.0,43.072091,12.615375,2016-03-04 12:05:59.950656
304,4939004,25451855,Entire home/apt,Castel Ritaldi,Castel Ritald,0,,4.0,1.0,2.0,78.0,1.0,42.836257,12.704539,2016-03-04 11:55:02.998340
305,4939007,25451855,Entire home/apt,Spoleto,Spolet,0,,4.0,2.0,2.0,78.0,1.0,42.835249,12.707706,2016-03-04 11:53:16.680975
306,4994099,25747819,Entire home/apt,Spoleto,Spolet,2,4.5,5.0,1.0,1.0,78.0,1.0,42.734458,12.7338,2016-03-04 12:00:19.386899
307,5008865,726136,Entire home/apt,Trevi,Trev,0,,2.0,1.0,1.0,78.0,1.0,42.890992,12.747929,2016-03-04 11:42:04.684314
308,5028913,14723448,Private room,Foligno,Folign,0,,3.0,1.0,1.0,60.0,1.0,42.954164,12.703386,2016-03-04 12:18:30.180632
309,5036639,24814818,Private room,Montefalco,Montefalc,1,5.0,3.0,1.0,1.0,60.0,1.0,42.903888,12.668,2016-03-04 12:18:44.350669
310,5058132,26116936,Private room,Foligno,Folign,0,,4.0,1.0,1.0,45.0,1.0,42.933553,12.696447,2016-03-04 11:47:16.834156
311,5064077,1504047,Private room,massa martana,massa martan,0,,4.0,1.0,1.0,67.0,2.0,42.724785,12.525133,2016-03-04 12:16:10.536146
312,5064430,1504047,Private room,Massa Martana,Massa Martan,0,,3.0,1.0,1.0,67.0,2.0,42.724828,12.526188,2016-03-04 12:15:21.885003
313,5066519,22481029,Private room,Amelia,Ameli,0,,3.0,1.0,1.0,101.0,1.0,42.554937,12.446697,2016-03-04 11:47:56.313748
314,5072130,26193151,Entire home/apt,Spoleto,Spolet,3,3.5,3.0,0.0,1.0,56.0,1.0,42.73757,12.737425,2016-03-04 11:31:27.096410
315,5089391,13022687,Entire home/apt,Montefalco,Montefalc,0,,,4.0,5.0,337.0,3.0,42.893117,12.651394,2016-03-04 11:58:26.364130
316,5092468,13824335,Entire home/apt,Trevi,Trev,0,,,5.0,5.0,280.0,1.0,42.877725,12.746004,2016-03-04 11:31:39.732348
317,5092494,13824335,Private room,Trevi,Trev,0,,3.0,1.0,1.0,67.0,1.0,42.878454,12.747269,2016-03-04 12:11:56.541035
318,5093605,13824335,Private room,Trevi,Trev,4,4.0,2.0,1.0,1.0,59.0,1.0,42.87705,12.74641,2016-03-04 11:48:29.582753
319,5101396,16513876,Entire home/apt,Trevi,Trev,0,,4.0,2.0,1.0,112.0,1.0,42.884264,12.75143,2016-03-04 11:52:48.444617
320,5113743,26409939,Entire home/apt,Spoleto,Spolet,0,,,3.0,1.0,151.0,3.0,42.767696,12.721062,2016-03-04 12:17:30.911903
321,5121176,26467529,Entire home/apt,Trevi,Trev,1,5.0,4.0,2.0,2.0,62.0,2.0,42.865347,12.746564,2016-03-04 11:54:54.193169
322,5129960,26467529,Entire home/apt,Trevi,Trev,0,,4.0,2.0,2.0,47.0,3.0,42.864769,12.745832,2016-03-04 11:57:49.746865
323,5200073,26900448,Entire home/apt,Campello Sul Clitunno,Campello Sul Clitunn,3,5.0,,2.0,2.0,34.0,2.0,42.826379,12.79263,2016-03-04 11:59:11.907032
324,5219170,23298974,Private room,Todi,Tod,0,,3.0,1.0,1.0,135.0,1.0,42.738773,12.469562,2016-03-04 11:33:23.643494
325,5246679,27153691,Private room,Monte Castello di Vibio,Monte Castello di Vibi,0,,2.0,1.0,1.0,67.0,1.0,42.810954,12.322037,2016-03-04 11:53:20.803604
326,5265216,27254411,Entire home/apt,Spoleto,Spolet,1,5.0,4.0,2.0,1.0,96.0,,42.816064,12.806196,2016-03-04 12:17:52.111692
327,5315248,27533740,Private room,Spoleto,Spolet,0,,4.0,1.0,1.0,101.0,1.0,42.733809,12.736234,2016-03-04 11:50:08.141280
328,5350099,27730180,Entire home/apt,Spoleto,Spolet,2,5.0,2.0,2.0,,100.0,2.0,42.729841,12.734998,2016-03-04 11:56:09.578242
329,5353859,27749315,Private room,Terni,Tern,0,,2.0,1.0,1.0,67.0,1.0,42.53142,12.621152,2016-03-04 11:56:39.408563
330,5404959,14353025,Private room,Todi,Tod,1,4.0,2.0,1.0,1.0,78.0,,42.886175,12.394493,2016-03-04 11:31:31.295039
331,5432506,19162729,Entire home/apt,Montefalco,Montefalc,1,4.0,4.0,2.0,2.0,101.0,2.0,42.894148,12.651303,2016-03-04 11:39:34.852310
332,5508096,14353025,Private room,Todi,Tod,7,5.0,2.0,1.0,1.0,78.0,1.0,42.780662,12.371014,2016-03-04 12:02:43.034108
333,5519546,22037018,Private room,Foligno,Folign,0,,2.0,1.0,2.0,29.0,1.0,42.963874,12.699266,2016-03-04 11:50:29.270157
334,5602303,29044124,Private room,Terni,Tern,0,,2.0,1.0,1.0,94.0,1.0,42.566303,12.639966,2016-03-04 11:36:25.248509
335,5609830,29081469,Entire home/apt,TREVI,TREV,2,4.0,5.0,2.0,1.0,59.0,3.0,42.847489,12.716522,2016-03-04 11:52:31.824173
336,5610102,11833761,Private room,Terni,Tern,2,4.5,,1.0,2.0,73.0,1.0,42.587565,12.64052,2016-03-04 11:40:00.110060
337,5648651,4188360,Entire home/apt,Campello Sul Clitunno,Campello Sul Clitunn,0,,,3.0,2.0,179.0,1.0,42.837287,12.762458,2016-03-04 12:08:13.549771
338,5657068,26290981,Private room,Bettona,Betton,0,,3.0,1.0,1.0,135.0,1.0,43.011906,12.485962,2016-03-04 11:53:07.755420
339,5670735,26290981,Private room,Bettona,Betton,0,,4.0,1.0,1.0,135.0,1.0,43.011828,12.485455,2016-03-04 12:09:19.403873
340,5677641,26290981,Private room,Bettona,Betton,0,,2.0,1.0,1.0,112.0,1.0,43.012153,12.485336,2016-03-04 11:33:32.130716
341,5678615,4155297,Entire home/apt,Campello Sul Clitunno,Campello Sul Clitunn,0,,,3.0,2.0,202.0,1.0,42.835442,12.761575,2016-03-04 11:57:20.866545
342,5702363,29564332,Entire home/apt,Spoleto,Spolet,1,5.0,,3.0,2.0,81.0,3.0,42.73492,12.733571,2016-03-04 12:15:08.905167
343,5705076,29577604,Private room,Foligno,Folign,0,,2.0,1.0,1.0,56.0,1.0,42.971831,12.696395,2016-03-04 11:51:54.626839
344,5706598,17390416,Entire home/apt,Spoleto,Spolet,6,5.0,4.0,2.0,1.0,67.0,,42.731245,12.736458,2016-03-04 11:42:41.063548
345,5737307,29752410,Private room,Rieti,Riet,0,,2.0,1.0,1.0,62.0,1.0,42.468537,12.846971,2016-03-04 12:05:02.864401
346,5739442,29767721,Entire home/apt,Spoleto,Spolet,0,,,3.0,2.0,168.0,3.0,42.772123,12.660786,2016-03-04 12:14:15.337363
347,5751634,5327776,Entire home/apt,Montefalco,Montefalc,0,,,3.0,3.0,101.0,,42.893629,12.612986,2016-03-04 11:45:09.169395
348,5761106,29887884,Private room,Spoleto,Spolet,0,,2.0,1.0,1.0,90.0,1.0,42.735926,12.734639,2016-03-04 11:35:34.435103
349,5768172,29925317,Private room,San Venanzo,San Venanz,1,5.0,,1.0,1.0,45.0,1.0,42.893072,12.296391,2016-03-04 11:58:55.802542
350,5812292,30157678,Entire home/apt,Spoleto,Spolet,1,5.0,,4.0,4.0,192.0,2.0,42.731937,12.712236,2016-03-04 11:57:03.980063
351,5836461,4716792,Entire home/apt,Spoleto,Spolet,0,,,3.0,,197.0,3.0,42.735166,12.736035,2016-03-04 11:58:33.445159
352,5845968,21916332,Entire home/apt,Spoleto,Spolet,0,,,4.0,5.0,192.0,5.0,42.74221,12.735072,2016-03-04 12:00:54.870000
353,5857353,29925317,Private room,San Venanzo,San Venanz,0,,4.0,1.0,1.0,134.0,1.0,42.895679,12.293927,2016-03-04 11:59:35.850516
354,5872962,4155297,Private room,Campello Sul Clitunno,Campello Sul Clitunn,0,,2.0,1.0,2.0,67.0,1.0,42.83592,12.76076,2016-03-04 12:01:54.048672
355,5919340,2090844,Entire home/apt,Spoleto,Spolet,0,,4.0,2.0,2.0,56.0,2.0,42.756441,12.719225,2016-03-04 12:09:16.175328
356,5922899,30757100,Private room,Foligno,Folign,2,4.5,,1.0,1.0,67.0,1.0,42.957486,12.721098,2016-03-04 12:19:06.588025
357,5925993,7773691,Entire home/apt,Spoleto,Spolet,0,,,2.0,2.0,169.0,3.0,42.735202,12.736004,2016-03-04 11:47:09.823100
358,5982771,30033793,Private room,Cannara,Cannar,5,5.0,2.0,1.0,1.0,77.0,1.0,42.98467,12.541694,2016-03-04 11:47:20.984636
359,5983162,31063694,Entire home/apt,Spoleto,Spolet,0,,3.0,1.0,,135.0,1.0,42.699712,12.635889,2016-03-04 12:06:19.811545
360,5986202,31079615,Entire home/apt,Campello Sul Clitunno,Campello Sul Clitunn,0,,2.0,1.0,1.0,45.0,1.0,42.822735,12.769575,2016-03-04 12:17:02.000584
361,5988757,31088736,Private room,Spoleto,Spolet,20,4.5,2.0,1.0,1.0,39.0,1.0,42.733981,12.733828,2016-03-04 12:00:09.081214
362,6000149,31017912,Private room,Assisi,Assis,7,5.0,2.0,1.0,1.0,124.0,1.0,43.071177,12.617693,2016-03-04 11:40:47.789030
363,6007788,9764354,Private room,Assisi,Assis,18,4.5,3.0,1.0,1.0,50.0,2.0,43.068207,12.625702,2016-03-04 12:16:50.669986
364,6021680,432514,Private room,Spoleto,Spolet,20,4.5,2.0,1.0,1.0,34.0,2.0,42.732999,12.732709,2016-03-04 11:49:02.110228
365,6029757,31295343,Entire home/apt,Spoleto,Spolet,2,5.0,4.0,2.0,1.0,124.0,2.0,42.733275,12.734094,2016-03-04 12:06:03.511273
366,6037174,31295343,Entire home/apt,Spoleto,Spolet,5,5.0,2.0,1.0,1.0,78.0,2.0,42.733066,12.734228,2016-03-04 11:52:20.996659
367,6037834,31295343,Entire home/apt,Spoleto,Spolet,4,5.0,5.0,3.0,1.0,135.0,2.0,42.733054,12.734595,2016-03-04 11:41:26.834725
368,6053337,4595668,Private room,Todi,Tod,0,,2.0,1.0,1.0,505.0,1.0,42.738313,12.469067,2016-03-04 12:20:15.308016
369,6059630,22037018,Private room,Foligno,Folign,0,,4.0,1.0,2.0,45.0,1.0,42.962293,12.697922,2016-03-04 12:12:56.457734
370,6075404,31535206,Private room,Assisi,Assis,0,,3.0,1.0,1.0,45.0,1.0,43.07764,12.583527,2016-03-04 12:00:50.441289
371,6085783,25104540,Private room,Todi,Tod,0,,2.0,1.0,1.0,92.0,1.0,42.783197,12.408399,2016-03-04 11:42:57.932199
372,6096464,16624164,Private room,Spoleto,Spolet,0,,2.0,1.0,1.0,166.0,1.0,42.811263,12.784318,2016-03-04 12:03:51.288152
373,6097255,4126042,Entire home/apt,Spoleto,Spolet,1,4.0,2.0,0.0,1.0,112.0,2.0,42.737257,12.735116,2016-03-04 11:46:16.267221
374,6101085,31658044,Entire home/apt,Spoleto,Spolet,0,,4.0,3.0,1.0,105.0,1.0,42.745236,12.738784,2016-03-04 12:07:15.659656
375,6165387,2160859,Private room,Montefalco,Montefalc,0,,2.0,1.0,1.0,45.0,1.0,42.894135,12.595677,2016-03-04 11:44:13.535099
376,6191740,31535206,Private room,assisi,assis,6,4.5,3.0,1.0,1.0,39.0,1.0,43.078771,12.581747,2016-03-04 11:45:20.808961
377,6237678,32369544,Private room,Narni,Narn,0,,2.0,1.0,1.0,67.0,1.0,42.517465,12.51553,2016-03-04 12:18:59.548898
378,6243670,5663806,Entire home/apt,Spoleto,Spolet,1,5.0,,2.0,1.0,96.0,2.0,42.73497,12.735185,2016-03-04 11:48:01.508805
379,6244471,5663806,Entire home/apt,Spoleto,Spolet,3,4.5,,2.0,2.0,105.0,2.0,42.733723,12.73473,2016-03-04 11:50:05.978783
380,6246782,673792,Entire home/apt,Spoleto,Spolet,0,,2.0,1.0,1.0,34.0,3.0,42.702369,12.59879,2016-03-04 11:51:21.117837
381,6295861,5327776,Entire home/apt,Montefalco,Montefalc,0,,,3.0,3.0,101.0,,42.89315,12.614344,2016-03-04 11:36:59.961670
382,6295886,5327776,Entire home/apt,Montefalco,Montefalc,0,,,3.0,2.0,101.0,,42.893747,12.613081,2016-03-04 12:04:20.598287
383,6295912,5327776,Entire home/apt,Montefalco,Montefalc,0,,4.0,2.0,1.0,67.0,,42.892289,12.614248,2016-03-04 11:40:04.138567
384,6295922,5327776,Entire home/apt,Montefalco,Montefalc,1,5.0,4.0,2.0,1.0,67.0,,42.891647,12.613665,2016-03-04 12:14:22.262358
385,6308611,4126042,Entire home/apt,Spoleto,Spolet,2,5.0,4.0,2.0,2.0,225.0,1.0,42.757111,12.749541,2016-03-04 12:01:09.688199
386,6320223,32888200,Private room,Terni,Tern,0,,3.0,1.0,1.0,50.0,1.0,42.516393,12.626175,2016-03-04 12:17:34.350374
387,6342006,13416566,Entire home/apt,Spoleto,Spolet,5,5.0,4.0,2.0,2.0,84.0,2.0,42.735129,12.73804,2016-03-04 11:55:25.639661
388,6347008,11306797,Private room,Stroncone,Stroncon,11,4.5,3.0,1.0,1.0,25.0,,42.514249,12.650621,2016-03-04 11:47:48.944674
389,6351724,33091693,Entire home/apt,Montefalco,Montefalc,1,4.0,4.0,2.0,2.0,28.0,2.0,42.893128,12.606532,2016-03-04 11:52:11.405246
390,6368757,17995661,Entire home/apt,Spoleto,Spolet,1,5.0,4.0,2.0,1.0,79.0,2.0,42.705784,12.736406,2016-03-04 12:01:59.819610
391,6382651,33270301,Entire home/apt,Spoleto,Spolet,0,,2.0,1.0,1.0,55.0,1.0,42.738395,12.735328,2016-03-04 11:34:41.603413
392,6387199,33293703,Private room,Spoleto,Spolet,0,,2.0,1.0,1.0,73.0,1.0,42.749512,12.747608,2016-03-04 11:45:28.300008
393,6409579,2202953,Private room,Terni,Tern,3,4.5,2.0,1.0,2.0,31.0,1.0,42.57257,12.644408,2016-03-04 11:32:20.264247
394,6454345,14412406,Entire home/apt,Stroncone,Stroncon,0,,3.0,1.0,1.0,62.0,1.0,42.505696,12.656052,2016-03-04 11:46:44.585264
395,6457956,32650199,Entire home/apt,Spoleto,Spolet,0,,,4.0,3.0,426.0,1.0,42.743318,12.723571,2016-03-04 12:17:23.132941
396,6479438,33854387,Entire home/apt,Spoleto,Spolet,0,,5.0,2.0,1.0,78.0,2.0,42.733662,12.733678,2016-03-04 11:44:11.550889
397,6489058,9463468,Entire home/apt,Spoleto,Spolet,0,,4.0,2.0,1.0,135.0,4.0,42.740672,12.731841,2016-03-04 12:02:58.996618
398,6489599,9463468,Entire home/apt,Spoleto,Spolet,1,5.0,4.0,2.0,1.0,135.0,4.0,42.740418,12.726886,2016-03-04 11:56:35.707994
399,6522984,9463468,Entire home/apt,Spoleto,Spolet,0,,4.0,2.0,1.0,135.0,4.0,42.739177,12.729782,2016-03-04 11:45:55.688351
400,6532614,34166191,Private room,montoro,montor,0,,2.0,1.0,1.0,28.0,1.0,42.510357,12.464899,2016-03-04 11:30:59.310438
401,6546297,29767721,Entire home/apt,Spoleto,Spolet,0,,4.0,1.0,1.0,112.0,7.0,42.773326,12.660267,2016-03-04 11:51:35.409894
402,6546494,5494784,Entire home/apt,Spoleto,Spolet,3,5.0,3.0,1.0,1.0,145.0,2.0,42.717877,12.720957,2016-03-04 11:34:19.268138
403,6552155,34268675,Entire home/apt,Spoleto,Spolet,7,4.5,4.0,2.0,1.0,79.0,1.0,42.728271,12.732702,2016-03-04 11:39:49.578504
404,6553528,9463468,Entire home/apt,Spoleto,Spolet,0,,2.0,1.0,1.0,129.0,4.0,42.733377,12.730587,2016-03-04 11:55:00.318052
405,6568633,9463468,Entire home/apt,Spoleto,Spolet,0,,4.0,2.0,1.0,135.0,4.0,42.739232,12.728286,2016-03-04 12:04:56.743389
406,6569710,9463468,Entire home/apt,Spoleto,Spolet,0,,4.0,2.0,1.0,135.0,4.0,42.74064,12.730493,2016-03-04 12:17:55.321638
407,6585600,34447871,Entire home/apt,Spoleto,Spolet,0,,,2.0,1.0,135.0,2.0,42.73478,12.739389,2016-03-04 11:47:39.905456
408,6588577,27789059,Entire home/apt,Spoleto,Spolet,11,5.0,3.0,0.0,1.0,65.0,2.0,42.733569,12.735812,2016-03-04 11:37:57.970077
409,6594434,34499659,Entire home/apt,Spoleto,Spolet,0,,,3.0,2.0,56.0,1.0,42.714521,12.649226,2016-03-04 11:39:07.608440
410,6607009,34570262,Entire home/apt,Spoleto,Spolet,5,5.0,3.0,0.0,1.0,56.0,2.0,42.734447,12.73678,2016-03-04 12:03:55.332395
411,6621219,34655121,Private room,Assisi,Assis,1,5.0,2.0,1.0,1.0,67.0,1.0,43.043079,12.628255,2016-03-04 12:13:37.687791
412,6633822,33006747,Private room,Norcia,Norci,0,,2.0,1.0,1.0,70.0,,42.796342,13.093825,2016-03-04 11:52:17.636087
413,6666449,34894201,Entire home/apt,Castel Ritaldi,Castel Ritald,0,,4.0,1.0,1.0,73.0,1.0,42.808362,12.668373,2016-03-04 12:12:12.137234
414,6696364,35052883,Private room,stroncone,stroncon,0,,2.0,1.0,1.0,56.0,1.0,42.522166,12.635081,2016-03-04 12:06:08.031882
415,6696594,35052883,Entire home/apt,stroncone,stroncon,0,,4.0,2.0,,56.0,2.0,42.521236,12.634449,2016-03-04 12:07:07.760643
416,6732895,14998242,Entire home/apt,Spoleto,Spolet,0,,5.0,2.0,1.0,90.0,1.0,42.701971,12.60814,2016-03-04 11:44:07.898453
417,6735438,17995661,Entire home/apt,Spoleto,Spolet,1,5.0,4.0,2.0,1.0,79.0,2.0,42.707494,12.73776,2016-03-04 11:47:05.296565
418,6757519,26663203,Entire home/apt,Spoleto,Spolet,7,5.0,3.0,1.0,1.0,50.0,1.0,42.73497,12.738508,2016-03-04 11:53:57.781047
419,6776508,18852945,Entire home/apt,Spoleto,Spolet,3,5.0,4.0,1.0,1.0,67.0,,42.810256,12.784189,2016-03-04 11:46:35.035943
420,6791562,5847962,Entire home/apt,Spoleto,Spolet,0,,4.0,1.0,1.0,225.0,1.0,42.753001,12.72841,2016-03-04 12:16:14.294676
421,6791869,5847962,Entire home/apt,Spoleto,Spolet,0,,,4.0,3.0,449.0,1.0,42.730034,12.734509,2016-03-04 11:37:53.547530
422,6813302,35673099,Entire home/apt,Spoleto,Spolet,0,,,4.0,,57.0,4.0,42.743851,12.730771,2016-03-04 11:54:25.836939
423,6814477,22838851,Entire home/apt,Spoleto,Spolet,0,,2.0,1.0,1.0,40.0,7.0,42.724097,12.641681,2016-03-04 12:16:35.211885
424,6825765,5400233,Private room,Gualdo Cattaneo,Gualdo Cattane,0,,4.0,1.0,1.0,62.0,1.0,42.91114,12.556705,2016-03-04 11:58:21.195401
425,6846764,35875663,Private room,Massa Martana,Massa Martan,0,,3.0,1.0,1.0,96.0,2.0,42.80011,12.513972,2016-03-04 11:49:34.832274
426,6856691,966487,Private room,Bastia Umbra,Bastia Umbr,1,4.0,2.0,1.0,1.0,34.0,2.0,43.066651,12.549127,2016-03-04 12:00:13.994057
427,6864163,35968462,Entire home/apt,Spoleto,Spolet,0,,4.0,1.0,1.0,124.0,5.0,42.644258,12.732876,2016-03-04 11:58:04.062828
428,6889496,36103999,Private room,Todi,Tod,0,,5.0,1.0,2.0,56.0,3.0,42.739905,12.477552,2016-03-04 12:16:31.963467
429,6893568,36122987,Private room,Fontevena,Fonteven,0,,2.0,1.0,1.0,90.0,1.0,42.79817,13.101563,2016-03-04 12:19:44.157423
430,6928567,36321242,Private room,Spello,Spell,0,,2.0,1.0,1.0,73.0,2.0,42.987062,12.678494,2016-03-04 11:49:41.543260
431,6940491,36393352,Entire home/apt,Spoleto,Spolet,0,,3.0,1.0,1.0,78.0,3.0,42.734077,12.737073,2016-03-04 12:03:44.716836
432,6980338,36462621,Private room,Assisi,Assis,0,,2.0,1.0,1.0,73.0,2.0,43.085529,12.661787,2016-03-04 11:53:48.969505
433,6988919,36642200,Entire home/apt,Campello sul Clitunno,Campello sul Clitunn,1,5.0,4.0,2.0,1.0,101.0,1.0,42.841586,12.756643,2016-03-04 12:03:03.989403
434,6989168,36643604,Private room,Terni,Tern,3,5.0,4.0,1.0,1.0,39.0,,42.591203,12.69335,2016-03-04 12:04:35.134170
435,7046161,36949419,Private room,Assisi,Assis,6,5.0,3.0,1.0,1.0,50.0,1.0,43.056151,12.622243,2016-03-04 11:49:14.731269
436,7063319,37031694,Entire home/apt,Montefalco,Montefalc,0,,5.0,2.0,1.0,122.0,1.0,42.903564,12.639456,2016-03-04 11:48:10.954081
437,7089300,37157532,Private room,Massa Martana,Massa Martan,0,,2.0,1.0,1.0,67.0,1.0,42.789142,12.506837,2016-03-04 12:07:12.138218
438,7102399,37211539,Private room,Assisi,Assis,0,,2.0,1.0,1.0,67.0,1.0,43.03158,12.651322,2016-03-04 12:08:00.408210
439,7105468,37157532,Private room,Massa Martana,Massa Martan,0,,3.0,1.0,1.0,96.0,1.0,42.787042,12.506609,2016-03-04 12:16:28.230644
440,7105498,37157532,Private room,Massa Martana,Massa Martan,0,,2.0,1.0,1.0,67.0,1.0,42.789108,12.505348,2016-03-04 11:36:04.735586
441,7139160,31540995,Private room,Terni,Tern,0,,2.0,1.0,2.0,43.0,1.0,42.565976,12.648272,2016-03-04 11:36:41.552966
442,7159913,36321242,Private room,Spello,Spell,0,,1.0,1.0,1.0,34.0,2.0,42.985405,12.68013,2016-03-04 11:34:54.423782
443,7159924,36321242,Private room,Spello,Spell,0,,3.0,1.0,1.0,73.0,2.0,42.987442,12.678587,2016-03-04 11:43:07.601464
444,7166126,37534040,Entire home/apt,Spoleto,Spolet,0,,,3.0,2.0,225.0,1.0,42.660556,12.715623,2016-03-04 11:43:59.469169
445,7191412,37659037,Private room,Assisi,Assis,0,,3.0,1.0,1.0,84.0,1.0,43.072961,12.613584,2016-03-04 11:34:49.496536
446,7197279,36321242,Private room,Spello,Spell,1,5.0,2.0,1.0,1.0,73.0,2.0,42.987362,12.679166,2016-03-04 12:06:33.551528
447,7236725,36949419,Private room,Assisi,Assis,3,5.0,2.0,1.0,1.0,45.0,1.0,43.057518,12.622223,2016-03-04 11:58:37.009727
448,7253183,37977123,Private room,Castel Ritaldi,Castel Ritald,0,,2.0,1.0,1.0,96.0,1.0,42.832927,12.639021,2016-03-04 12:01:39.544542
449,7272421,38076905,Entire home/apt,Spoleto,Spolet,0,,3.0,1.0,1.0,67.0,2.0,42.73827,12.736526,2016-03-04 11:49:45.831922
450,7287383,38162235,Private room,Castel Ritaldi,Castel Ritald,0,,4.0,1.0,1.0,62.0,2.0,42.823114,12.67165,2016-03-04 11:59:08.854596
451,7301719,38245336,Private room,Montefalco,Montefalc,0,,2.0,1.0,1.0,112.0,1.0,42.895656,12.653655,2016-03-04 11:34:03.947351
452,7313017,834303,Entire home/apt,Spoleto,Spolet,0,,,0.0,1.0,39.0,3.0,42.722231,12.620916,2016-03-04 12:04:07.304159
453,7358890,5663806,Entire home/apt,Spoleto,Spolet,2,5.0,4.0,2.0,2.0,101.0,3.0,42.733681,12.736857,2016-03-04 11:48:38.041912
454,7494320,39251121,Private room,Assisi,Assis,2,5.0,2.0,1.0,1.0,55.0,1.0,43.03596,12.591304,2016-03-04 12:15:03.698485
455,7497837,39251121,Private room,Assisi,Assis,0,,3.0,1.0,1.0,71.0,1.0,43.036529,12.590326,2016-03-04 11:48:34.855418
456,7543588,32490635,Entire home/apt,Spoleto,Spolet,3,5.0,,3.0,2.0,78.0,1.0,42.731826,12.729829,2016-03-04 11:37:12.977498
457,7566578,1569735,Private room,Todi,Tod,0,,2.0,1.0,1.0,67.0,2.0,42.78321,12.407036,2016-03-04 11:57:26.493697
458,7566915,39674352,Entire home/apt,Trevi,Trev,0,,,2.0,1.0,146.0,3.0,42.885337,12.750765,2016-03-04 12:10:18.567074
459,7567984,1569735,Private room,Todi,Tod,0,,2.0,1.0,1.0,67.0,2.0,42.784145,12.406612,2016-03-04 12:07:53.379528
460,7569098,39674352,Entire home/apt,Trevi,Trev,0,,1.0,1.0,1.0,112.0,3.0,42.886744,12.750943,2016-03-04 12:04:17.119366
461,7571497,1569735,Private room,Todi,Tod,0,,3.0,1.0,1.0,90.0,2.0,42.783305,12.405383,2016-03-04 12:16:58.343324
462,7584826,39776989,Entire home/apt,Foligno,Folign,39,5.0,4.0,2.0,1.0,45.0,1.0,42.949663,12.693415,2016-03-04 12:19:55.857089
463,7586488,39785577,Entire home/apt,Foligno,Folign,0,,4.0,2.0,1.0,67.0,1.0,42.99484,12.718818,2016-03-04 11:53:04.497048
464,7606885,16197740,Private room,Gualdo Cattaneo,Gualdo Cattane,0,,4.0,1.0,1.0,50.0,1.0,42.893987,12.514677,2016-03-04 12:11:45.841343
465,7607339,38843749,Private room,Spoleto,Spolet,2,5.0,3.0,1.0,1.0,56.0,2.0,42.735482,12.740456,2016-03-04 11:35:21.813477
466,7611280,16197740,Private room,Gualdo Cattaneo,Gualdo Cattane,0,,5.0,1.0,1.0,67.0,1.0,42.895898,12.514876,2016-03-04 11:32:15.203507
467,7651263,40150835,Private room,Massa Martana,Massa Martan,0,,2.0,1.0,1.0,62.0,1.0,42.788182,12.526504,2016-03-04 11:31:03.064865
468,7682593,40348673,Entire home/apt,Spoleto,Spolet,0,,,2.0,2.0,124.0,3.0,42.708625,12.73433,2016-03-04 11:34:14.839180
469,7696757,33270301,Entire home/apt,Spoleto,Spolet,0,,4.0,1.0,1.0,56.0,1.0,42.737187,12.733576,2016-03-04 11:34:39.637090
470,7741921,19550148,Entire home/apt,Spoleto,Spolet,1,5.0,,3.0,,43.0,1.0,42.745837,12.746079,2016-03-04 11:54:57.455669
471,7769231,40863733,Shared room,Foligno,Folign,0,,4.0,1.0,0.0,25.0,1.0,42.952124,12.700342,2016-03-04 11:39:04.770045
472,7777234,36643604,Private room,Terni,Tern,0,,2.0,1.0,1.0,28.0,2.0,42.592216,12.693448,2016-03-04 11:43:22.711803
473,7780620,40937648,Entire home/apt,Spoleto,Spolet,0,,4.0,2.0,2.0,78.0,2.0,42.73276,12.737011,2016-03-04 11:53:34.413379
474,7781211,40941325,Private room,Amelia,Ameli,0,,2.0,1.0,1.0,110.0,2.0,42.584178,12.407218,2016-03-04 11:48:52.812061
475,7783785,2100239,Private room,Narni,Narn,0,,2.0,1.0,1.0,39.0,2.0,42.479019,12.565996,2016-03-04 12:01:48.999882
476,7837463,18852945,Private room,Spoleto,Spolet,1,5.0,4.0,1.0,1.0,62.0,1.0,42.810054,12.786115,2016-03-04 11:41:51.456390
477,7868004,41465977,Entire home/apt,Spoleto,Spolet,0,,,2.0,1.0,91.0,3.0,42.73624,12.739551,2016-03-04 12:20:23.197214
478,7871831,41487948,Entire home/apt,Foligno,Folign,1,5.0,2.0,1.0,1.0,34.0,2.0,42.962907,12.686024,2016-03-04 12:02:22.798776
479,7917039,41701923,Private room,Foligno,Folign,0,,2.0,1.0,1.0,56.0,2.0,42.9454,12.71837,2016-03-04 11:34:30.377748
480,7917904,41701923,Private room,Foligno,Folign,0,,2.0,1.0,1.0,56.0,1.0,42.947892,12.719629,2016-03-04 11:46:20.555836
481,7918650,38086951,Private room,Trevi,Trev,2,4.5,2.0,1.0,1.0,39.0,2.0,42.876337,12.746862,2016-03-04 11:53:46.295266
482,7935738,38086951,Entire home/apt,Trevi,Trev,6,4.5,5.0,2.0,3.0,67.0,2.0,42.876829,12.74493,2016-03-04 11:30:39.880324
483,7944064,13824368,Entire home/apt,montefalco,montefalc,0,,,4.0,2.0,39.0,1.0,42.863213,12.612429,2016-03-04 11:50:38.305579
484,7965003,42022571,Entire home/apt,Spoleto,Spolet,0,,2.0,1.0,1.0,78.0,2.0,42.763548,12.774092,2016-03-04 11:51:01.878650
485,7970869,41947839,Entire home/apt,Campello Sul Clitunno,Campello Sul Clitunn,1,5.0,3.0,1.0,1.0,44.0,1.0,42.821353,12.774171,2016-03-04 11:59:51.322549
486,7980499,42121222,Private room,Terni,Tern,0,,4.0,1.0,1.0,55.0,1.0,42.570385,12.734144,2016-03-04 11:37:33.810771
487,7982876,38242213,Private room,Assisi,Assis,1,5.0,2.0,1.0,1.0,45.0,2.0,43.067164,12.62019,2016-03-04 11:49:49.830414
488,8002591,26169914,Entire home/apt,Spoleto,Spolet,0,,3.0,1.0,1.0,90.0,1.0,42.835345,12.709311,2016-03-04 12:05:16.990714
489,8061370,39916709,Private room,Assisi,Assis,14,5.0,,1.0,5.0,50.0,1.0,43.071443,12.61436,2016-03-04 12:03:26.282625
490,8080767,39890315,Entire home/apt,Foligno,Folign,29,5.0,4.0,1.0,1.0,36.0,1.0,42.952982,12.703289,2016-03-04 11:44:24.294834
491,8100513,42773111,Private room,Alviano,Alvian,0,,2.0,1.0,1.0,39.0,2.0,42.596965,12.302782,2016-03-04 11:38:09.315830
492,8121544,42888171,Private room,Foligno,Folign,5,4.5,2.0,1.0,1.0,31.0,1.0,42.951372,12.704587,2016-03-04 11:50:51.569685
493,8126267,8513333,Entire home/apt,Spoleto,Spolet,0,,4.0,2.0,1.0,112.0,7.0,42.744407,12.732639,2016-03-04 11:37:23.751196
494,8136374,5012961,Entire home/apt,Spoleto,Spolet,0,,3.0,1.0,1.0,225.0,1.0,42.744124,12.754091,2016-03-04 11:37:03.522152
495,8143847,39916709,Private room,Assisi,Assis,1,5.0,2.0,1.0,1.0,45.0,1.0,43.07169,12.612894,2016-03-04 11:45:12.883911
496,8163222,39916709,Private room,Assisi,Assis,1,5.0,2.0,1.0,1.0,50.0,1.0,43.069954,12.614226,2016-03-04 11:32:34.726292
497,8169713,43027907,Entire home/apt,Spoleto,Spolet,0,,5.0,2.0,2.0,112.0,1.0,42.702543,12.728243,2016-03-04 12:07:56.829839
498,8177345,43067265,Entire home/apt,Spoleto,Spolet,0,,,3.0,2.0,146.0,2.0,42.824173,12.739226,2016-03-04 11:36:29.303197
499,8185410,43179680,Private room,Foligno,Folign,1,5.0,2.0,1.0,1.0,67.0,1.0,42.929929,12.751183,2016-03-04 12:09:43.785514
500,8199882,13416566,Private room,Spoleto,Spolet,0,,2.0,1.0,1.0,56.0,2.0,42.735711,12.738154,2016-03-04 12:00:42.850220
501,8202016,43256185,Entire home/apt,Spoleto,Spolet,0,,,2.0,2.0,197.0,1.0,42.7183,12.714945,2016-03-04 12:15:33.564698
502,8221337,43342573,Entire home/apt,Stroncone,Stroncon,0,,5.0,2.0,2.0,45.0,1.0,42.500235,12.662835,2016-03-04 11:53:23.531807
503,8267220,43591546,Entire home/apt,Spoleto,Spolet,5,5.0,2.0,1.0,1.0,50.0,1.0,42.738622,12.736162,2016-03-04 11:56:00.430967
504,8284237,33854387,Private room,Spoleto,Spolet,0,,2.0,1.0,1.0,39.0,2.0,42.735048,12.73186,2016-03-04 11:30:48.649943
505,8284643,33854387,Private room,Spoleto,Spolet,0,,3.0,1.0,1.0,41.0,2.0,42.733305,12.73177,2016-03-04 11:45:17.278473
506,8307601,43796757,Entire home/apt,Trevi,Trev,0,,4.0,1.0,1.0,39.0,2.0,42.878587,12.774913,2016-03-04 12:17:59.708191
507,8349555,2160859,Private room,Montefalco,Montefalc,1,5.0,2.0,1.0,1.0,67.0,1.0,42.892671,12.595138,2016-03-04 11:45:03.356431
508,8361885,44073494,Private room,Foligno,Folign,0,,2.0,1.0,1.0,73.0,1.0,43.018175,12.778102,2016-03-04 12:17:09.950789
509,8362183,43179680,Private room,Foligno,Folign,0,,2.0,1.0,1.0,56.0,1.0,42.927904,12.752538,2016-03-04 12:02:47.396506
510,8364212,483330,Entire home/apt,Spoleto,Spolet,0,,4.0,0.0,1.0,78.0,1.0,42.737625,12.734876,2016-03-04 11:30:54.941836
511,8367472,43179680,Private room,Foligno,Folign,0,,2.0,1.0,1.0,78.0,1.0,42.928395,12.751867,2016-03-04 11:40:22.177171
512,8403773,14198368,Entire home/apt,Spoleto,Spolet,0,,4.0,2.0,2.0,112.0,3.0,42.73739,12.73693,2016-03-04 12:15:24.421825
513,8437618,33597805,Entire home/apt,Spoleto,Spolet,3,4.0,3.0,0.0,1.0,49.0,1.0,42.740825,12.736676,2016-03-04 11:51:42.056967
514,8455457,44508265,Private room,Terni,Tern,3,5.0,4.0,1.0,1.0,50.0,1.0,42.55279,12.625377,2016-03-04 11:50:32.465081
515,8501821,44508265,Private room,Terni,Tern,1,5.0,2.0,1.0,1.0,45.0,1.0,42.564525,12.629943,2016-03-04 11:53:43.092602
516,8586699,8530309,Private room,Bastia Umbra,Bastia Umbr,0,,2.0,1.0,1.0,56.0,1.0,43.064342,12.552744,2016-03-04 11:30:11.553376
517,8587476,8513333,Entire home/apt,Spoleto,Spolet,0,,4.0,2.0,1.0,112.0,7.0,42.738278,12.73242,2016-03-04 12:05:31.412401
518,8587943,8513333,Entire home/apt,Spoleto,Spolet,0,,4.0,2.0,1.0,112.0,7.0,42.740534,12.733976,2016-03-04 11:31:43.784836
519,8588600,8513333,Entire home/apt,Spoleto,Spolet,0,,4.0,2.0,1.0,112.0,7.0,42.738964,12.732977,2016-03-04 11:33:10.075431
520,8589261,8513333,Entire home/apt,Spoleto,Spolet,0,,4.0,2.0,1.0,112.0,7.0,42.740374,12.733074,2016-03-04 12:05:05.736703
521,8589944,8513333,Entire home/apt,Spoleto,Spolet,0,,4.0,2.0,1.0,112.0,7.0,42.738785,12.732582,2016-03-04 12:13:03.504646
522,8601372,4084422,Entire home/apt,Spoleto,Spolet,0,,2.0,1.0,1.0,67.0,1.0,42.768693,12.721523,2016-03-04 11:35:44.686571
523,8605478,35445160,Private room,Assisi,Assis,0,,,1.0,1.0,49.0,1.0,43.070071,12.698151,2016-03-04 11:59:39.362903
524,8606625,39251121,Private room,Assisi,Assis,1,5.0,4.0,1.0,1.0,100.0,1.0,43.035442,12.592358,2016-03-04 12:07:09.996928
525,8663575,45516352,Private room,Narni,Narn,0,,,1.0,1.0,78.0,1.0,42.521731,12.580513,2016-03-04 11:42:22.412920
526,8666376,45516352,Private room,Narni,Narn,0,,4.0,1.0,1.0,56.0,1.0,42.521842,12.580173,2016-03-04 11:54:29.841479
527,8668674,45537021,Private room,Narni,Narn,2,4.5,3.0,1.0,2.0,26.0,1.0,42.516114,12.516917,2016-03-04 12:06:48.509815
528,8669253,45537021,Private room,Narni,Narn,2,5.0,3.0,1.0,2.0,26.0,1.0,42.516861,12.515754,2016-03-04 11:41:45.695470
529,8748030,45885969,Private room,Todi,Tod,0,,2.0,1.0,1.0,321.0,2.0,42.75801,12.404202,2016-03-04 12:13:39.842270
530,8767469,27080727,Private room,Montefalco,Montefalc,0,,2.0,1.0,1.0,78.0,1.0,42.911881,12.636908,2016-03-04 12:06:36.568061
531,8788679,46061262,Private room,Todi,Tod,1,5.0,1.0,1.0,1.0,34.0,1.0,42.775827,12.404647,2016-03-04 12:15:58.514364
532,8806410,44338076,Entire home/apt,Spoleto,Spolet,0,,5.0,2.0,2.0,225.0,1.0,42.731508,12.737475,2016-03-04 12:17:47.280260
533,8873561,46436871,Private room,Terni,Tern,0,,3.0,1.0,1.0,50.0,1.0,42.573916,12.656885,2016-03-04 12:14:18.807977
534,8874911,46436871,Private room,Terni,Tern,0,,2.0,1.0,,45.0,1.0,42.573968,12.658383,2016-03-04 12:14:47.925999
535,8876517,43947649,Private room,Narni,Narn,0,,4.0,1.0,,112.0,1.0,42.48151,12.504311,2016-03-04 12:02:12.759285
536,8876582,43947649,Private room,Narni,Narn,0,,2.0,1.0,,56.0,1.0,42.482139,12.504407,2016-03-04 11:57:34.188963
537,8876698,43947649,Private room,Narni,Narn,0,,4.0,1.0,,112.0,1.0,42.480655,12.503353,2016-03-04 11:40:31.984075
538,8896082,26950690,Entire home/apt,Campello Sul Clitunno,Campello Sul Clitunn,0,,3.0,1.0,1.0,50.0,1.0,42.822327,12.769675,2016-03-04 11:52:14.229640
539,8899995,46556154,Entire home/apt,Campello Sul Clitunno,Campello Sul Clitunn,1,3.0,5.0,2.0,1.0,47.0,1.0,42.822394,12.775403,2016-03-04 11:49:21.130204
540,9003634,47020275,Entire home/apt,Spoleto,Spolet,0,,4.0,2.0,1.0,111.0,1.0,42.719973,12.657652,2016-03-04 11:51:29.847083
541,9016925,47080657,Private room,Assisi,Assis,0,,2.0,1.0,1.0,62.0,3.0,43.067616,12.590086,2016-03-04 12:06:15.200876
542,9022665,46911687,Entire home/apt,Trevi,Trev,0,,3.0,1.0,1.0,62.0,3.0,42.889997,12.744411,2016-03-04 12:01:56.386873
543,9058217,47254482,Private room,Terni,Tern,1,2.0,,1.0,2.0,45.0,1.0,42.582999,12.631392,2016-03-04 12:19:31.429546
544,9067785,8513333,Entire home/apt,Spoleto,Spolet,0,,,3.0,2.0,136.0,7.0,42.735589,12.738641,2016-03-04 11:30:15.906039
545,9070522,8513333,Entire home/apt,Spoleto,Spolet,0,,4.0,2.0,2.0,113.0,7.0,42.738302,12.736498,2016-03-04 11:50:41.918117
546,9071754,47314880,Private room,Trevi,Trev,1,,,1.0,8.0,34.0,1.0,42.86206,12.753454,2016-03-04 12:12:16.389853
547,9074691,39504007,Private room,Massa Martana,Massa Martan,0,,2.0,1.0,1.0,55.0,1.0,42.800481,12.496582,2016-03-04 11:53:25.618059
548,9121631,30431089,Private room,Castel Ritaldi,Castel Ritald,0,,2.0,1.0,1.0,67.0,1.0,42.835186,12.706301,2016-03-04 12:01:42.297115
549,9140550,42888171,Private room,Foligno,Folign,2,4.0,2.0,1.0,1.0,30.0,1.0,42.950123,12.704591,2016-03-04 11:37:10.247252
550,9150933,7773691,Entire home/apt,Spoleto,Spolet,0,,4.0,2.0,2.0,145.0,2.0,42.735943,12.738859,2016-03-04 11:34:51.784866
551,9162247,9616535,Entire home/apt,Spoleto,Spolet,2,4.5,2.0,0.0,1.0,34.0,1.0,42.736169,12.737791,2016-03-04 12:16:44.619094
552,9185561,44982001,Shared room,Terni,Tern,1,5.0,2.0,1.0,1.0,34.0,1.0,42.559946,12.639061,2016-03-04 11:40:26.222043
553,9230302,36642200,Private room,Campello Sul Clitunno,Campello Sul Clitunn,0,,3.0,1.0,1.0,67.0,1.0,42.841251,12.758762,2016-03-04 11:57:45.536163
554,9270963,47334659,Entire home/apt,Spoleto,Spolet,2,4.0,5.0,2.0,1.0,90.0,2.0,42.723542,12.732912,2016-03-04 12:00:00.652056
555,9290070,8513333,Entire home/apt,Trevi,Trev,0,,,4.0,4.0,288.0,7.0,42.878483,12.748411,2016-03-04 12:18:10.229703
556,9293621,24617162,Entire home/apt,Spoleto,Spolet,4,4.5,4.0,2.0,1.0,52.0,1.0,42.736861,12.736447,2016-03-04 12:11:52.706262
557,9340308,31658044,Entire home/apt,Spoleto,Spolet,0,,4.0,3.0,1.0,112.0,1.0,42.745152,12.739752,2016-03-04 11:40:44.888580
558,9354736,8513333,Entire home/apt,Spoleto,Spolet,0,,4.0,2.0,1.0,102.0,7.0,42.740846,12.738059,2016-03-04 12:04:45.743874
559,9359181,48546483,Private room,Assisi,Assis,0,,4.0,1.0,1.0,67.0,1.0,43.02455,12.636337,2016-03-04 11:50:35.393281
560,9360836,40863733,Private room,Foligno,Folign,1,4.0,2.0,1.0,0.0,30.0,1.0,42.949938,12.70035,2016-03-04 12:06:28.954917
561,9375397,8513333,Entire home/apt,Spoleto,Spolet,0,,4.0,2.0,1.0,72.0,7.0,42.736823,12.733053,2016-03-04 12:05:35.162974
562,9383710,48680550,Private room,Assisi,Assis,0,,4.0,1.0,1.0,124.0,1.0,43.06704,12.606287,2016-03-04 11:52:07.492647
563,9397442,44672938,Entire home/apt,Spoleto,Spolet,0,,4.0,2.0,1.0,85.0,2.0,42.739192,12.736344,2016-03-04 11:51:44.357195
564,9397710,48742036,Entire home/apt,Vallo di Nera,Vallo di Ner,0,,4.0,1.0,1.0,78.0,1.0,42.754452,12.866737,2016-03-04 11:55:20.903058
565,9400412,48751337,Entire home/apt,Spoleto,Spolet,0,,4.0,1.0,2.0,73.0,1.0,42.736972,12.736235,2016-03-04 12:15:35.917128
566,9428816,48876321,Private room,Massa Martana,Massa Martan,0,,2.0,1.0,1.0,39.0,1.0,42.771863,12.530656,2016-03-04 11:36:12.154630
567,9439630,7773691,Entire home/apt,Spoleto,Spolet,0,,4.0,2.0,1.0,135.0,2.0,42.740039,12.737611,2016-03-04 11:51:12.998614
568,9446288,48952709,Private room,Montefalco,Montefalc,1,4.0,3.0,1.0,3.0,73.0,1.0,42.892732,12.651265,2016-03-04 12:09:02.253321
569,9447098,48680550,Private room,Assisi,Assis,1,5.0,3.0,1.0,2.0,34.0,1.0,43.067109,12.607896,2016-03-04 11:48:15.112549
570,9462014,49031011,Private room,Massa Martana,Massa Martan,0,,3.0,1.0,1.0,67.0,1.0,42.752326,12.506816,2016-03-04 11:51:08.174044
571,9462058,49031011,Private room,Massa Martana,Massa Martan,0,,2.0,1.0,1.0,62.0,1.0,42.753033,12.507723,2016-03-04 11:55:29.510294
572,9471753,49089560,Private room,Todi,Tod,0,,4.0,1.0,1.0,101.0,1.0,42.711435,12.444915,2016-03-04 12:11:10.380102
573,9530344,49364823,Private room,Assisi,Assis,0,,4.0,1.0,1.0,78.0,1.0,43.070915,12.616152,2016-03-04 12:08:23.607783
574,9599596,40863733,Private room,Foligno,Folign,0,,4.0,1.0,0.0,48.0,1.0,42.950256,12.700838,2016-03-04 12:14:44.763665
575,9646911,16132241,Private room,Todi,Tod,0,,3.0,1.0,1.0,88.0,1.0,42.743251,12.482693,2016-03-04 12:18:16.430524
576,9659577,22840099,Entire home/apt,Vallo di Nera,Vallo di Ner,0,,5.0,2.0,2.0,112.0,3.0,42.7733,12.856775,2016-03-04 12:15:31.244565
577,9687944,50039456,Entire home/apt,Campello Sul Clitunno,Campello Sul Clitunn,0,,5.0,3.0,2.0,561.0,1.0,42.822888,12.767677,2016-03-04 12:09:09.932512
578,9702631,33854387,Entire home/apt,Spoleto,Spolet,0,,5.0,2.0,1.0,90.0,1.0,42.73371,12.733538,2016-03-04 11:57:23.875064
579,9708035,47959408,Entire home/apt,Montefalco,Montefalc,1,4.0,4.0,1.0,1.0,50.0,1.0,42.891238,12.650781,2016-03-04 11:40:18.186627
580,9748002,9439538,Private room,Assisi,Assis,7,4.5,2.0,1.0,1.0,39.0,1.0,43.073391,12.609597,2016-03-04 12:16:24.154272
581,9761932,50342458,Entire home/apt,Foligno,Folign,10,5.0,4.0,2.0,1.0,39.0,1.0,42.951022,12.704898,2016-03-04 12:17:12.821219
582,9763492,50347963,Private room,Massa Martana,Massa Martan,0,,4.0,1.0,1.0,67.0,1.0,42.755975,12.528499,2016-03-04 12:20:28.154035
583,9805345,50520400,Private room,Todi,Tod,0,,,1.0,8.0,45.0,1.0,42.774111,12.409418,2016-03-04 11:51:04.629399
584,9835936,8513333,Entire home/apt,Spoleto,Spolet,0,,,3.0,2.0,112.0,7.0,42.737802,12.735386,2016-03-04 12:10:12.993712
585,9880643,50836087,Entire home/apt,Foligno,Folign,6,5.0,,3.0,3.0,44.0,1.0,42.936309,12.705171,2016-03-04 11:38:01.990311
586,9914447,13416566,Entire home/apt,Spoleto,Spolet,0,,4.0,2.0,2.0,158.0,3.0,42.734001,12.737162,2016-03-04 11:39:11.978950
587,9924362,49551530,Entire home/apt,Montefalco,Montefalc,0,,2.0,1.0,1.0,50.0,1.0,42.8931,12.651569,2016-03-04 11:32:23.244742
588,9937456,51072381,Private room,Spello,Spell,0,,3.0,1.0,1.0,100.0,1.0,42.987765,12.613141,2016-03-04 12:09:36.604441
589,9937560,51072381,Private room,Spello,Spell,0,,3.0,1.0,1.0,101.0,1.0,42.988086,12.614082,2016-03-04 11:54:37.112495
590,10006420,834303,Entire home/apt,Spoleto,Spolet,1,3.0,4.0,1.0,1.0,34.0,3.0,42.723911,12.620649,2016-03-04 11:47:44.366005
591,10016236,51437006,Entire home/apt,Trevi,Trev,0,,2.0,1.0,1.0,56.0,1.0,42.881965,12.745276,2016-03-04 12:20:04.700418
592,10031750,43427546,Private room,Narni,Narn,0,,2.0,1.0,1.0,56.0,1.0,42.524751,12.512672,2016-03-04 12:19:02.989376
593,10035018,27880616,Entire home/apt,Spoleto,Spolet,0,,5.0,1.0,1.0,112.0,1.0,42.726639,12.739059,2016-03-04 12:10:35.863062
594,10053262,50353960,Private room,Pietrauta,Pietraut,0,,2.0,1.0,1.0,45.0,1.0,42.894722,12.629922,2016-03-04 11:43:43.950780
595,10053268,50353960,Private room,Montefalco,Montefalc,0,,2.0,1.0,1.0,90.0,1.0,42.893293,12.630147,2016-03-04 12:18:12.922049
596,10095127,51802482,Entire home/apt,Montefalco,Montefalc,0,,4.0,2.0,1.0,41.0,3.0,42.870711,12.716348,2016-03-04 11:43:32.929183
597,10126413,13362531,Private room,Lugnano In Teverina,Lugnano In Teverin,2,5.0,4.0,1.0,1.0,78.0,1.0,42.574412,12.328953,2016-03-04 11:52:24.717252
598,10129668,50353960,Private room,Montefalco,Montefalc,0,,2.0,1.0,1.0,45.0,1.0,42.893355,12.629886,2016-03-04 11:59:05.936072
599,10139603,49326303,Entire home/apt,Spoleto,Spolet,0,,2.0,1.0,1.0,55.0,1.0,42.739484,12.736831,2016-03-04 11:47:13.009449
600,10139650,49326303,Entire home/apt,Spoleto,Spolet,1,5.0,4.0,1.0,1.0,66.0,2.0,42.739455,12.73801,2016-03-04 11:59:43.753533
601,10181730,52287096,Private room,Foligno,Folign,0,,1.0,1.0,1.0,29.0,1.0,42.935956,12.704196,2016-03-04 12:20:12.123729
602,10191177,48891500,Entire home/apt,Spoleto,Spolet,0,,3.0,1.0,1.0,78.0,1.0,42.73277,12.736254,2016-03-04 12:19:26.238849
603,10205669,52429315,Entire home/apt,Stroncone,Stroncon,0,,,5.0,6.0,179.0,6.0,42.470717,12.734757,2016-03-04 11:32:38.852998
604,10220781,29767721,Private room,Spoleto,Spolet,0,,3.0,1.0,1.0,62.0,1.0,42.772178,12.661831,2016-03-04 11:31:50.653920
605,10228185,14996192,Entire home/apt,Spoleto,Spolet,0,,4.0,2.0,2.0,74.0,1.0,42.749299,12.732001,2016-03-04 12:10:57.522320
606,10242722,6305713,Entire home/apt,Spoleto,Spolet,0,,4.0,2.0,2.0,175.0,1.0,42.721085,12.790037,2016-03-04 11:35:27.386081
607,10268687,48891500,Private room,Spoleto,Spolet,0,,1.0,1.0,1.0,34.0,1.0,42.733224,12.734918,2016-03-04 11:52:52.175290
608,10288024,51026852,Private room,Foligno,Folign,2,4.5,2.0,1.0,1.0,25.0,1.0,42.94788,12.702738,2016-03-04 12:04:52.661044
609,10295199,27880616,Entire home/apt,Spoleto,Spolet,0,,,4.0,4.0,392.0,2.0,42.72615,12.736039,2016-03-04 11:39:28.589773
610,10373578,3102778,Entire home/apt,Spoleto,Spolet,0,,5.0,1.0,1.0,90.0,2.0,42.732625,12.738096,2016-03-04 11:49:27.843233
611,10394869,43474959,Private room,Terni,Tern,3,5.0,3.0,1.0,1.0,28.0,1.0,42.569728,12.659096,2016-03-04 11:45:00.488105
612,10422610,8513333,Entire home/apt,Spoleto,Spolet,0,,4.0,2.0,1.0,113.0,7.0,42.738669,12.736471,2016-03-04 12:01:28.068928
613,10440996,8513333,Entire home/apt,Spoleto,Spolet,0,,,10.0,8.0,481.0,7.0,42.761853,12.81329,2016-03-04 12:07:25.875201
614,10441750,8513333,Entire home/apt,Spoleto,Spolet,0,,,5.0,4.0,304.0,7.0,42.765865,12.809471,2016-03-04 12:07:18.126384
615,10443165,53799466,Entire home/apt,Spoleto,Spolet,1,5.0,4.0,2.0,2.0,101.0,1.0,42.731377,12.735581,2016-03-04 11:48:06.369236
616,10446451,8513333,Entire home/apt,Spoleto,Spolet,0,,4.0,2.0,2.0,113.0,7.0,42.737599,12.734853,2016-03-04 11:44:48.688474
617,10580011,50982017,Private room,Monte Castello di Vibio,Monte Castello di Vibi,0,,2.0,1.0,1.0,106.0,1.0,42.841174,12.351066,2016-03-04 11:52:36.876890
618,10601194,50982017,Private room,Monte Castello di Vibio,Monte Castello di Vibi,0,,2.0,1.0,1.0,106.0,1.0,42.842959,12.352065,2016-03-04 12:10:00.914044
619,10603809,54715233,Entire home/apt,Spoleto,Spolet,0,,2.0,1.0,1.0,90.0,2.0,42.732857,12.738968,2016-03-04 12:02:50.876942
620,10616967,54789575,Private room,Terni,Tern,0,,2.0,1.0,1.0,26.0,1.0,42.642723,12.649736,2016-03-04 11:46:01.587102
621,10648784,8513333,Entire home/apt,Spoleto,Spolet,0,,4.0,2.0,2.0,112.0,7.0,42.782909,12.799276,2016-03-04 12:10:27.434268
622,10676418,27880616,Entire home/apt,Spoleto,Spolet,0,,,4.0,3.0,225.0,1.0,42.740057,12.739266,2016-03-04 12:14:33.445813
623,10740729,55525784,Entire home/apt,Spoleto,Spolet,0,,4.0,2.0,1.0,112.0,2.0,42.737826,12.739314,2016-03-04 11:46:26.638739
624,10765429,55675011,Entire home/apt,Spoleto,Spolet,0,,2.0,2.0,1.0,56.0,1.0,42.761486,12.715573,2016-03-04 11:36:47.393819
625,10821418,14113767,Private room,Massa Martana,Massa Martan,0,,2.0,1.0,1.0,84.0,1.0,42.756681,12.506529,2016-03-04 12:18:41.790338
626,10848161,5663806,Entire home/apt,Spoleto,Spolet,0,,4.0,2.0,2.0,169.0,5.0,42.72934,12.743506,2016-03-04 12:05:13.914023
627,10868314,17450293,Private room,Campello Sul Clitunno,Campello Sul Clitunn,1,5.0,2.0,1.0,1.0,34.0,1.0,42.824207,12.764651,2016-03-04 12:06:56.580958
628,10872590,17450293,Private room,Campello Sul Clitunno,Campello Sul Clitunn,1,5.0,1.0,1.0,1.0,22.0,1.0,42.82413,12.764353,2016-03-04 11:54:46.163890
629,10874059,17450293,Private room,Campello Sul Clitunno,Campello Sul Clitunn,0,,3.0,1.0,1.0,42.0,1.0,42.823981,12.766437,2016-03-04 12:19:19.477847
630,10875038,18852945,Entire home/apt,Spoleto,Spolet,0,,2.0,1.0,1.0,62.0,3.0,42.810461,12.785296,2016-03-04 11:32:17.882385
631,10955813,42840116,Private room,Amelia,Ameli,0,,3.0,1.0,1.0,62.0,1.0,42.551247,12.420123,2016-03-04 12:11:22.691898
632,11030698,57242572,Private room,Assisi,Assis,0,,3.0,1.0,1.0,39.0,1.0,43.075308,12.568772,2016-03-04 11:46:42.738618
633,11032191,17185475,Entire home/apt,Spoleto,Spolet,0,,,4.0,2.0,112.0,1.0,42.795003,12.731463,2016-03-04 11:56:20.199731
634,11095746,9439538,Private room,Assisi,Assis,0,,2.0,1.0,1.0,84.0,1.0,43.044502,12.639793,2016-03-04 11:49:38.840916
635,11117047,57242572,Private room,Assisi,Assis,0,,3.0,1.0,1.0,70.0,1.0,43.074918,12.567609,2016-03-04 11:49:31.693803
636,11130558,57842809,Private room,Campello Sul Clitunno,Campello Sul Clitunn,0,,2.0,1.0,1.0,56.0,1.0,42.83833,12.764553,2016-03-04 11:44:03.259666
637,11152248,26663203,Entire home/apt,Spoleto,Spolet,0,,3.0,2.0,2.0,106.0,3.0,42.730687,12.735049,2016-03-04 12:20:09.299139
638,11152678,48489305,Entire home/apt,Spoleto,Spolet,0,,2.0,1.0,1.0,57.0,2.0,42.731327,12.735906,2016-03-04 11:42:00.543708
639,11268090,7773691,Entire home/apt,Spoleto,Spolet,0,,,1.0,2.0,101.0,1.0,42.733548,12.736781,2016-03-04 11:31:19.435279
640,11309265,49326303,Entire home/apt,Spoleto,Spolet,0,,2.0,1.0,1.0,60.0,1.0,42.739199,12.736796,2016-03-04 12:05:24.607465
641,11329531,43067265,Entire home/apt,Spoleto,Spolet,0,,5.0,2.0,1.0,135.0,2.0,42.824112,12.739397,2016-03-04 11:45:26.117765
642,11427015,12541589,Private room,Spoleto,Spolet,0,,2.0,1.0,1.0,67.0,1.0,42.749682,12.726094,2016-03-04 11:32:59.383968
643,11454198,60227284,Private room,Assisi,Assis,0,,3.0,1.0,1.0,78.0,1.0,43.063952,12.624713,2016-03-04 11:55:15.870413
644,11469670,17907645,Private room,Terni,Tern,0,,2.0,1.0,1.0,45.0,1.0,42.562524,12.646949,2016-03-04 11:49:25.120906
645,11499809,60571722,Private room,Montefalco,Montefalc,0,,2.0,1.0,1.0,67.0,1.0,42.851921,12.680149,2016-03-04 12:10:46.992632
646,11509290,60640532,Entire home/apt,Spoleto,Spolet,0,,4.0,2.0,1.0,135.0,2.0,42.714784,12.728451,2016-03-04 12:06:44.713183
647,11557300,60227284,Private room,Assisi,Assis,0,,2.0,1.0,1.0,62.0,1.0,43.065636,12.624422,2016-03-04 12:08:57.896777
648,11578865,4126042,Entire home/apt,Spoleto,Spolet,0,,4.0,2.0,1.0,112.0,1.0,42.739546,12.736707,2016-03-04 12:19:47.998150
649,11603284,60227284,Private room,Assisi,Assis,0,,2.0,1.0,1.0,45.0,2.0,43.064791,12.626177,2016-03-04 12:16:17.021045
